anon_polygon_id,date,primary_ndvi_pred
AOI-0005,2010-05-02,0.2568456281374142
AOI-0005,2010-07-28,0.3262529056677818
AOI-0005,2010-08-05,0.2329221144673105
AOI-0005,2010-08-29,0.2709970521135498
AOI-0005,2010-08-30,0.238337424460074
AOI-0005,2010-09-06,0.23278882791107
AOI-0005,2011-04-02,0.2606968811229248
AOI-0005,2011-06-06,0.7614530218694489
AOI-0005,2011-06-26,0.5861228718370599
AOI-0005,2011-09-02,0.4224368202949731
AOI-0005,2012-04-04,0.1474117113342736
AOI-0005,2012-04-29,0.5628610824366879
AOI-0005,2012-05-06,0.6245699403502631
AOI-0005,2012-05-31,0.7824321974201708
AOI-0005,2012-08-10,0.1590971324169486
AOI-0005,2012-08-12,0.2749715086165232
AOI-0005,2013-06-26,0.3787643769680491
AOI-0005,2013-07-12,0.3325202162915273
AOI-0005,2013-08-21,0.430457853550964
AOI-0005,2013-08-29,0.4479224298176866
AOI-0005,2014-04-18,0.4924883533236295
AOI-0005,2014-04-27,0.601184428848646
AOI-0005,2014-05-04,0.7049550551305326
AOI-0005,2014-05-09,0.7671052324282741
AOI-0005,2014-06-10,0.6544166559181248
AOI-0005,2014-07-28,0.4625047837067482
AOI-0005,2014-10-03,0.2374344064303599
AOI-0005,2015-05-23,0.7415716312468307
AOI-0005,2015-06-10,0.7417737121137687
AOI-0005,2015-10-06,0.2054256659442655
AOI-0005,2016-04-22,0.5947682812036498
AOI-0005,2016-05-08,0.7308448680901014
AOI-0005,2016-09-13,0.3730398349482342
AOI-0005,2017-04-11,0.2189728177096018
AOI-0005,2017-04-23,0.545671982163598
AOI-0005,2017-04-26,0.3837846389522469
AOI-0005,2017-07-23,0.5345034576037757
AOI-0005,2017-09-25,0.5081562492061795
AOI-0005,2017-10-04,0.4647331419624254
AOI-0005,2018-05-01,0.6082962449353654
AOI-0005,2018-05-16,0.681888886156186
AOI-0005,2018-06-01,0.6776068576084309
AOI-0005,2018-07-10,0.4168256259705413
AOI-0005,2018-08-27,0.3875812215758432
AOI-0005,2018-09-30,0.3877372048193597
AOI-0005,2019-04-26,0.6465249539535769
AOI-0005,2019-05-11,0.7354871428427052
AOI-0005,2019-05-18,0.800989871913542
AOI-0005,2019-05-21,0.7920309958583922
AOI-0005,2019-06-11,0.7199667259034763
AOI-0005,2019-06-25,0.5308481350041735
AOI-0005,2019-07-12,0.491990138270995
AOI-0005,2019-08-23,0.3518750177925227
AOI-0005,2019-08-24,0.3323137788334437
AOI-0005,2019-09-03,0.3415082805552685
AOI-0005,2019-09-07,0.3921636808897455
AOI-0005,2019-09-08,0.3521620751875772
AOI-0005,2019-09-15,0.2947074262810658
AOI-0005,2020-04-22,0.4189777254570045
AOI-0005,2020-05-08,0.6687215577402571
AOI-0005,2020-08-16,0.4758492166278814
AOI-0005,2020-08-23,0.3974947465075994
AOI-0005,2020-08-24,0.444046000752418
AOI-0005,2020-09-02,0.3514819683249208
AOI-0005,2020-09-17,0.3116340822397916
AOI-0005,2020-09-29,0.3257870531672111
AOI-0005,2021-04-21,0.5080675668876264
AOI-0005,2021-07-12,0.5460272996279228
AOI-0005,2021-08-29,0.4243147085423724
AOI-0005,2021-09-04,0.3391369610540333
AOI-0005,2021-09-30,0.4053557519265204
AOI-0005,2021-10-14,0.3119861602235466
AOI-0005,2022-05-09,0.7866754805668578
AOI-0005,2022-05-30,0.7952547158317778
AOI-0005,2022-07-19,0.4656460601986085
AOI-0005,2022-07-21,0.4602493095137717
AOI-0005,2022-07-28,0.5000837714395899
AOI-0005,2022-08-03,0.4086870958302984
AOI-0005,2022-08-14,0.5243951262982308
AOI-0005,2022-08-28,0.4109630947629142
AOI-0005,2022-10-01,0.4153050975351059
AOI-0005,2023-07-14,0.5404060944868087
AOI-0005,2023-07-29,0.5325126082419774
AOI-0005,2023-08-08,0.489771331964068
AOI-0005,2023-08-29,0.4250329322434805
AOI-0005,2023-09-12,0.3732058553365588
AOI-0005,2023-09-14,0.3919416754596997
AOI-0005,2023-09-26,0.3629602598046118
AOI-0005,2023-10-17,0.2270895680697982
AOI-0005,2024-05-31,0.7106149904655357
AOI-0005,2024-06-03,0.6842303434828809
AOI-0005,2024-07-28,0.3928235306577191
AOI-0005,2024-08-22,0.323391399591093
AOI-0005,2024-08-28,0.3828566039438921
AOI-0005,2024-09-16,0.3104039774849927
AOI-0006,2010-04-15,0.4823316881223936
AOI-0006,2010-05-09,0.8161324410893022
AOI-0006,2010-07-13,0.2592449582835122
AOI-0006,2010-07-28,0.2955468639448464
AOI-0006,2010-07-29,0.2108856692565266
AOI-0006,2010-08-05,0.202958795335725
AOI-0006,2011-04-02,0.1579472917572296
AOI-0006,2011-04-19,0.1926503391468396
AOI-0006,2011-05-21,0.24295009079921
AOI-0006,2011-07-16,0.7069750813808083
AOI-0006,2011-08-08,0.4837786141525153
AOI-0006,2011-08-09,0.4611287266198601
AOI-0006,2011-10-16,0.3474165639881584
AOI-0006,2012-04-22,0.777399379946473
AOI-0006,2012-06-09,0.5670100597037506
AOI-0006,2012-10-15,0.3363929531921927
AOI-0006,2013-07-21,0.7168631773838932
AOI-0006,2013-08-21,0.3771850861255732
AOI-0006,2013-10-24,0.2690844605461919
AOI-0006,2014-04-07,0.712354262566387
AOI-0006,2014-06-13,0.4461349552916899
AOI-0006,2014-06-26,0.3243681862127899
AOI-0006,2014-07-31,0.1754214025087471
AOI-0006,2014-08-29,0.2253478976415534
AOI-0006,2015-06-09,0.8078614346587125
AOI-0006,2015-07-26,0.2914734373056453
AOI-0006,2015-08-03,0.2611058462243867
AOI-0006,2015-08-11,0.2619569525109974
AOI-0006,2015-08-12,0.2429732274766452
AOI-0006,2015-10-16,0.2492532486722543
AOI-0006,2016-04-22,0.467831244214717
AOI-0006,2016-04-23,0.4078911475992329
AOI-0006,2016-05-08,0.4872195218968297
AOI-0006,2017-04-23,0.3530521268556016
AOI-0006,2017-05-09,0.4299104003714047
AOI-0006,2017-07-25,0.7791871836800053
AOI-0006,2017-09-01,0.2736048801440924
AOI-0006,2017-09-14,0.3300534152827526
AOI-0006,2017-10-04,0.2165822535239468
AOI-0006,2018-06-08,0.4032078903820056
AOI-0006,2018-08-13,0.4944857261604812
AOI-0006,2018-09-20,0.2613166691529531
AOI-0006,2018-10-16,0.2837648653779515
AOI-0006,2019-04-21,0.8123725407672922
AOI-0006,2019-04-23,0.8482146634488916
AOI-0006,2019-05-21,0.8893399176995683
AOI-0006,2019-06-27,0.2323058468314567
AOI-0006,2019-08-22,0.2028821081496727
AOI-0006,2019-09-03,0.15995397182967
AOI-0006,2020-04-06,0.3166794654137653
AOI-0006,2020-04-30,0.1807485993847593
AOI-0006,2020-05-20,0.2672895238734843
AOI-0006,2020-06-05,0.5969632770194377
AOI-0006,2020-08-03,0.4680130155896057
AOI-0006,2020-09-01,0.3474455555965843
AOI-0006,2021-04-06,0.2930227171304557
AOI-0006,2021-05-20,0.8709241953300587
AOI-0006,2021-06-16,0.7466117604495264
AOI-0006,2021-08-29,0.2806415413258697
AOI-0006,2021-10-02,0.1876360563061308
AOI-0006,2022-04-24,0.81247487222375
AOI-0006,2022-06-10,0.7206963657222217
AOI-0006,2022-08-23,0.1841204637473026
AOI-0006,2022-09-17,0.1352230373684514
AOI-0006,2022-09-30,0.2785250057214612
AOI-0006,2022-10-02,0.1829968486354733
AOI-0006,2022-10-12,0.1698667717375925
AOI-0006,2023-04-10,0.2594086077922516
AOI-0006,2023-04-23,0.4690443583439164
AOI-0006,2023-05-06,0.2879869689573021
AOI-0006,2023-05-13,0.2395699581771151
AOI-0006,2023-06-10,0.6380378258940766
AOI-0006,2023-06-15,0.6033744883838507
AOI-0006,2023-07-16,0.7883577073114119
AOI-0006,2023-08-28,0.5456196883925115
AOI-0006,2023-09-02,0.4201815055815551
AOI-0006,2023-09-14,0.3806426389830439
AOI-0006,2023-09-18,0.3927692561480155
AOI-0006,2023-09-26,0.3004436322323689
AOI-0006,2023-10-02,0.1952437407213315
AOI-0006,2023-10-16,0.2764318188501777
AOI-0006,2023-10-17,0.1574439149988695
AOI-0006,2024-06-03,0.7212758199929754
AOI-0006,2024-06-24,0.3091119628302042
AOI-0006,2024-07-03,0.2009750421807334
AOI-0006,2024-07-13,0.1887838207738731
AOI-0006,2024-09-28,0.1711795552802854
AOI-0006,2024-10-06,0.146975527856473
AOI-0006,2024-10-26,0.1454682465373592
AOI-0009,2010-04-07,0.4393110097097698
AOI-0009,2010-05-18,0.7139802562085799
AOI-0009,2010-06-10,0.4624865634280579
AOI-0009,2010-09-14,0.2610006593788317
AOI-0009,2010-09-30,0.2612627444457604
AOI-0009,2011-05-25,0.5473165021164138
AOI-0009,2011-07-12,0.6808362370383618
AOI-0009,2011-07-28,0.5743675701220217
AOI-0009,2011-08-17,0.3551125343581787
AOI-0009,2011-09-10,0.2715676477988472
AOI-0009,2012-04-29,0.601958226669212
AOI-0009,2012-05-08,0.7267081253271552
AOI-0009,2012-08-12,0.3136650179615524
AOI-0009,2012-08-28,0.3828698956103512
AOI-0009,2012-09-29,0.3280283676869334
AOI-0009,2012-10-06,0.1920335085232731
AOI-0009,2013-04-07,0.3256130266420251
AOI-0009,2013-07-21,0.5887802665322935
AOI-0009,2013-08-13,0.3450557461361082
AOI-0009,2013-09-14,0.3251836045240091
AOI-0009,2014-04-07,0.6251338821525939
AOI-0009,2014-04-27,0.7862652986671541
AOI-0009,2014-05-29,0.8685588903170992
AOI-0009,2014-06-10,0.580634986775452
AOI-0009,2014-06-22,0.3831446788319669
AOI-0009,2014-08-01,0.1884306819676824
AOI-0009,2014-08-09,0.1561579028515886
AOI-0009,2014-08-17,0.1943605643646138
AOI-0009,2014-08-29,0.2375347073586522
AOI-0009,2015-04-14,0.3641890270806063
AOI-0009,2015-05-24,0.7922522930327387
AOI-0009,2015-06-26,0.3793241510445874
AOI-0009,2015-10-07,0.22625881317835
AOI-0009,2016-05-02,0.6662772343146282
AOI-0009,2016-06-25,0.4851324253032286
AOI-0009,2016-07-05,0.3661409068471589
AOI-0009,2016-07-13,0.3511125913687345
AOI-0009,2016-10-25,0.2456166062640888
AOI-0009,2017-04-01,0.2329431122021207
AOI-0009,2017-04-23,0.6349725376525379
AOI-0009,2017-05-21,0.8255327953941589
AOI-0009,2017-07-12,0.3194199160771658
AOI-0009,2017-07-24,0.2148752012663592
AOI-0009,2017-08-09,0.1582655103770288
AOI-0009,2017-08-11,0.148503001830015
AOI-0009,2017-08-14,0.1674499178242385
AOI-0009,2017-08-29,0.2090461370556545
AOI-0009,2017-09-05,0.1704936313902529
AOI-0009,2017-09-13,0.1510660307761067
AOI-0009,2017-09-15,0.1694644809971676
AOI-0009,2018-04-14,0.4191623186793775
AOI-0009,2018-04-23,0.6752877142624376
AOI-0009,2018-07-12,0.2843954247278407
AOI-0009,2018-09-29,0.1892886463671018
AOI-0009,2018-09-30,0.2381388883404686
AOI-0009,2018-10-13,0.1791178474039837
AOI-0009,2019-04-01,0.2236651913705942
AOI-0009,2019-04-25,0.2879366351022385
AOI-0009,2019-05-09,0.6044590259751792
AOI-0009,2019-05-18,0.4836557030166937
AOI-0009,2019-05-28,0.7055387519914543
AOI-0009,2019-06-28,0.2669264822368804
AOI-0009,2019-08-07,0.3066163587003451
AOI-0009,2019-08-21,0.2082310070148388
AOI-0009,2019-08-26,0.1784508388383647
AOI-0009,2019-08-31,0.1951351015501095
AOI-0009,2019-10-15,0.2086710326653672
AOI-0009,2020-05-13,0.7643792376583538
AOI-0009,2020-05-15,0.6567672937188714
AOI-0009,2020-05-24,0.7980208901193394
AOI-0009,2020-05-27,0.7601108961481043
AOI-0009,2020-05-29,0.7566889454205776
AOI-0009,2020-06-06,0.6698114104084865
AOI-0009,2020-06-11,0.5631184599701351
AOI-0009,2020-06-29,0.2110920502992885
AOI-0009,2020-07-06,0.1745096399281706
AOI-0009,2020-07-24,0.1497535867231043
AOI-0009,2020-07-27,0.2293584867078911
AOI-0009,2020-08-03,0.1379603679243704
AOI-0009,2020-08-12,0.2212780659715113
AOI-0009,2020-08-15,0.1423065941920661
AOI-0009,2020-08-17,0.1737577403348424
AOI-0009,2020-08-28,0.2110387671679343
AOI-0009,2020-09-02,0.1469087020540377
AOI-0009,2020-09-29,0.1951225664781874
AOI-0009,2020-10-07,0.1548288738934772
AOI-0009,2020-10-15,0.2090014955193853
AOI-0009,2021-04-06,0.3583377855802522
AOI-0009,2021-04-30,0.5375787364740836
AOI-0009,2021-05-15,0.8308812683611151
AOI-0009,2021-05-16,0.857383300224932
AOI-0009,2021-07-14,0.1988360593932087
AOI-0009,2021-07-21,0.1641117213679329
AOI-0009,2021-07-26,0.189315838795619
AOI-0009,2021-07-29,0.1879486441723969
AOI-0009,2021-08-20,0.2100142314454327
AOI-0009,2021-09-27,0.3285848292910015
AOI-0009,2021-10-02,0.3459846883724725
AOI-0009,2021-10-12,0.2415009910936391
AOI-0009,2021-10-15,0.2963616379433264
AOI-0009,2022-04-02,0.3849993746802695
AOI-0009,2022-06-06,0.8018253795434954
AOI-0009,2022-06-08,0.8242867766524825
AOI-0009,2022-06-11,0.7817918381043596
AOI-0009,2022-07-12,0.2733756312001626
AOI-0009,2022-07-14,0.1695722817305954
AOI-0009,2022-08-23,0.1988811182611716
AOI-0009,2022-09-30,0.2727431863825269
AOI-0009,2022-10-02,0.178123317795878
AOI-0009,2022-10-19,0.1967597476945939
AOI-0009,2022-10-22,0.1733759699417769
AOI-0009,2023-05-17,0.8313863343648091
AOI-0009,2023-05-25,0.8097634352092302
AOI-0009,2023-06-19,0.68974672931438
AOI-0009,2023-06-26,0.4342826682791921
AOI-0009,2023-07-25,0.3095449152159396
AOI-0009,2023-08-13,0.2871437522885962
AOI-0009,2023-08-26,0.2700574115798426
AOI-0009,2023-08-28,0.256914882755495
AOI-0009,2023-08-29,0.3163343105671135
AOI-0009,2023-09-14,0.2676734651830459
AOI-0009,2023-10-02,0.2100510692947432
AOI-0009,2023-10-12,0.2228441130955437
AOI-0009,2024-05-08,0.4782184093436103
AOI-0009,2024-06-18,0.6742675001641202
AOI-0009,2024-06-23,0.6972225750128846
AOI-0009,2024-06-28,0.7105387752136325
AOI-0009,2024-07-08,0.6027680901911463
AOI-0009,2024-08-04,0.5400078618383548
AOI-0009,2024-08-09,0.5329377316092123
AOI-0009,2024-08-20,0.4366582059772906
AOI-0009,2024-08-27,0.3342995516476491
AOI-0009,2024-09-03,0.2696439355455574
AOI-0009,2024-09-06,0.2709398914300186
AOI-0009,2024-09-08,0.2715067255190418
AOI-0009,2024-09-13,0.2702554167618923
AOI-0009,2024-10-08,0.1741795380697819
AOI-0012,2010-07-13,0.2674384264427534
AOI-0012,2010-08-22,0.2247914699918598
AOI-0012,2010-10-25,0.2484641569711894
AOI-0012,2011-05-21,0.7355868197772479
AOI-0012,2011-07-12,0.3970749493635426
AOI-0012,2011-08-13,0.3464023249395158
AOI-0012,2011-09-02,0.278080944311063
AOI-0012,2012-04-22,0.4530123819949579
AOI-0012,2012-06-09,0.3832950087155763
AOI-0012,2012-06-25,0.3550153057644131
AOI-0012,2012-08-03,0.2355508836839029
AOI-0012,2012-08-28,0.3342646855728426
AOI-0012,2012-09-13,0.3326813274796068
AOI-0012,2012-10-06,0.247726640381647
AOI-0012,2013-05-09,0.7324124895375075
AOI-0012,2013-06-10,0.4556709172065364
AOI-0012,2013-07-13,0.2732884161417568
AOI-0012,2013-07-29,0.2700562148432843
AOI-0012,2013-10-09,0.2751867987437605
AOI-0012,2013-10-25,0.3054061576497046
AOI-0012,2014-06-06,0.5943517249901376
AOI-0012,2014-06-22,0.2735007606976251
AOI-0012,2014-06-26,0.2824357896829213
AOI-0012,2014-06-30,0.2472197561741002
AOI-0012,2014-08-13,0.2522088156287846
AOI-0012,2014-09-14,0.2625645101856744
AOI-0012,2014-10-16,0.2903407157629402
AOI-0012,2014-10-28,0.1788298640457081
AOI-0012,2015-05-25,0.4236499581471804
AOI-0012,2015-06-09,0.3145079447034958
AOI-0012,2015-08-12,0.217553299291553
AOI-0012,2015-08-13,0.2846612645469841
AOI-0012,2015-08-20,0.2399714945336755
AOI-0012,2015-09-14,0.2748055184909633
AOI-0012,2016-08-06,0.2932111263284944
AOI-0012,2017-04-03,0.2964801092863885
AOI-0012,2017-04-07,0.4845586453243376
AOI-0012,2017-05-06,0.6526367849186648
AOI-0012,2017-07-24,0.2270880475778161
AOI-0012,2017-08-01,0.2055828542135903
AOI-0012,2017-08-04,0.1984280765071786
AOI-0012,2017-08-13,0.2717006195292489
AOI-0012,2017-08-14,0.2214443487528632
AOI-0012,2017-08-17,0.2000065333188214
AOI-0012,2017-09-05,0.2008657926253634
AOI-0012,2017-09-08,0.2226705426436656
AOI-0012,2017-09-30,0.2776922665879485
AOI-0012,2017-10-04,0.2242786184479928
AOI-0012,2018-04-11,0.6228054499169524
AOI-0012,2018-05-24,0.7711491848025961
AOI-0012,2018-05-25,0.7012814770863247
AOI-0012,2018-06-09,0.5477662178202106
AOI-0012,2018-09-13,0.1783954240597757
AOI-0012,2018-09-30,0.2635454753558411
AOI-0012,2019-04-01,0.4590578327426652
AOI-0012,2019-06-07,0.5744819634287728
AOI-0012,2019-06-17,0.2520383026351149
AOI-0012,2019-06-28,0.2225797197412156
AOI-0012,2019-07-22,0.1968743341998272
AOI-0012,2019-08-13,0.3194668824983797
AOI-0012,2019-09-13,0.1798692094044566
AOI-0012,2020-04-02,0.6194488836739203
AOI-0012,2020-04-25,0.7072008675920389
AOI-0012,2020-05-15,0.5976324720878662
AOI-0012,2020-06-09,0.4691602516767422
AOI-0012,2020-06-26,0.1998360303820652
AOI-0012,2020-07-24,0.1849945030683156
AOI-0012,2020-08-03,0.1544003384338387
AOI-0012,2020-08-05,0.1644753984922579
AOI-0012,2020-08-12,0.2479020515264864
AOI-0012,2020-09-09,0.1873873846242624
AOI-0012,2020-09-12,0.1607675736944225
AOI-0012,2020-09-22,0.1652216108234482
AOI-0012,2020-09-26,0.1670787069265384
AOI-0012,2020-10-17,0.1389058541147981
AOI-0012,2021-05-08,0.310797347894999
AOI-0012,2021-05-25,0.4055558827541234
AOI-0012,2021-06-06,0.2653797736862073
AOI-0012,2021-06-26,0.3336033021033455
AOI-0012,2021-07-16,0.1684383304864614
AOI-0012,2021-07-21,0.1613381125455236
AOI-0012,2021-07-24,0.1794037947310476
AOI-0012,2021-08-18,0.1886627826117724
AOI-0012,2021-08-25,0.2056126945830826
AOI-0012,2021-08-30,0.2124036852681479
AOI-0012,2021-09-07,0.2205999016818057
AOI-0012,2022-06-06,0.8030728598428842
AOI-0012,2022-06-19,0.6127547081804665
AOI-0012,2022-07-01,0.2365401559944688
AOI-0012,2022-07-28,0.3148663606669721
AOI-0012,2022-08-28,0.3073041390127639
AOI-0012,2022-09-08,0.2614549600898436
AOI-0012,2022-09-14,0.2353533217512734
AOI-0012,2023-04-10,0.7156021590675303
AOI-0012,2023-06-06,0.7326744722800094
AOI-0012,2023-06-23,0.3777390754270334
AOI-0012,2023-07-26,0.1972311891827451
AOI-0012,2023-08-05,0.1948481606902311
AOI-0012,2023-08-15,0.1695657617893308
AOI-0012,2023-10-07,0.2034985405622554
AOI-0012,2023-10-11,0.2495387494264163
AOI-0012,2024-04-01,0.617287494801379
AOI-0012,2024-04-06,0.7179076852503378
AOI-0012,2024-05-08,0.7536583055179993
AOI-0012,2024-05-09,0.7778906800992262
AOI-0012,2024-06-17,0.3128623381685427
AOI-0012,2024-07-08,0.140470931851028
AOI-0012,2024-07-10,0.1842066565423888
AOI-0012,2024-07-20,0.1384509023398006
AOI-0012,2024-08-22,0.1551093625680523
AOI-0012,2024-10-07,0.2151770016957765
AOI-0012,2024-10-15,0.2335508031403724
AOI-0016,2010-04-24,0.5179556454320617
AOI-0016,2010-08-29,0.5065846898235571
AOI-0016,2011-05-09,0.695059767697646
AOI-0016,2011-06-06,0.8006382580004604
AOI-0016,2011-06-10,0.7301041070125736
AOI-0016,2011-06-30,0.6755440637087794
AOI-0016,2011-07-28,0.6196937190865662
AOI-0016,2012-04-29,0.5811356466403895
AOI-0016,2012-07-11,0.6542925304291318
AOI-0016,2012-07-27,0.5924655786974076
AOI-0016,2012-09-11,0.5616001262053145
AOI-0016,2012-10-15,0.5344942133441277
AOI-0016,2013-06-03,0.6984941121483201
AOI-0016,2013-07-28,0.6503825304275928
AOI-0016,2013-08-13,0.6084451576016621
AOI-0016,2013-10-24,0.6085562430037773
AOI-0016,2014-04-07,0.4412616659757354
AOI-0016,2014-05-09,0.7585876046104152
AOI-0016,2014-05-21,0.7679960007929957
AOI-0016,2014-06-29,0.6247089583645506
AOI-0016,2014-07-08,0.6127353048590389
AOI-0016,2014-07-28,0.5481555407750022
AOI-0016,2015-04-06,0.2574133050347277
AOI-0016,2015-06-24,0.6931150114448307
AOI-0016,2015-07-12,0.6567901398981415
AOI-0016,2015-10-07,0.4486185936925433
AOI-0016,2016-05-25,0.555045746346698
AOI-0016,2016-06-03,0.5592343348439656
AOI-0016,2016-06-19,0.5340612564314274
AOI-0016,2016-07-04,0.5745503648562645
AOI-0016,2016-07-05,0.6214412878925065
AOI-0016,2016-07-27,0.7233738216478035
AOI-0016,2017-04-03,0.2140960690165393
AOI-0016,2017-04-13,0.2381707491237638
AOI-0016,2017-08-09,0.5508197284347139
AOI-0016,2017-08-11,0.5559159594740012
AOI-0016,2017-08-17,0.4997505169494433
AOI-0016,2017-09-15,0.4651093778585096
AOI-0016,2018-04-06,0.192093471306706
AOI-0016,2018-04-07,0.2821770618088915
AOI-0016,2018-04-11,0.1958506545678559
AOI-0016,2018-05-16,0.2346340718157486
AOI-0016,2018-06-02,0.2923565211212389
AOI-0016,2019-04-06,0.2029705350833755
AOI-0016,2019-04-21,0.2592385291135763
AOI-0016,2019-05-11,0.2402290754949982
AOI-0016,2019-06-26,0.7042391280045759
AOI-0016,2019-07-06,0.6875748874508292
AOI-0016,2019-07-17,0.649727608275541
AOI-0016,2019-07-28,0.7108075072878468
AOI-0016,2019-08-24,0.351236103076228
AOI-0016,2019-09-13,0.296692153344967
AOI-0016,2019-09-23,0.1559355405183447
AOI-0016,2020-05-04,0.2352747988689232
AOI-0016,2020-06-26,0.740202753230103
AOI-0016,2020-07-07,0.7560744436985157
AOI-0016,2020-08-08,0.4668616786058684
AOI-0016,2020-08-24,0.3417594782264884
AOI-0016,2020-08-30,0.2774816612349139
AOI-0016,2020-09-17,0.1866481824012575
AOI-0016,2020-09-19,0.1516794881924435
AOI-0016,2020-10-03,0.1955993625717449
AOI-0016,2020-10-17,0.1488462061540719
AOI-0016,2021-04-02,0.2714915204335569
AOI-0016,2021-04-15,0.4827997053932513
AOI-0016,2021-05-12,0.8370087989018262
AOI-0016,2021-06-14,0.826213883893681
AOI-0016,2021-07-14,0.2117855226405622
AOI-0016,2021-07-24,0.1726472845329007
AOI-0016,2021-08-03,0.16560182317171
AOI-0016,2021-08-29,0.3102320971112895
AOI-0016,2021-09-17,0.195948082197353
AOI-0016,2021-09-29,0.1927331590501068
AOI-0016,2021-10-14,0.1977693912687237
AOI-0016,2022-06-04,0.2619687138499779
AOI-0016,2022-06-06,0.3306988600754447
AOI-0016,2022-07-06,0.7784849560956044
AOI-0016,2022-07-19,0.7840008442995247
AOI-0016,2022-07-21,0.7785422651178314
AOI-0016,2022-07-29,0.789647097227535
AOI-0016,2022-08-03,0.7091525928627126
AOI-0016,2022-08-05,0.7444433655499356
AOI-0016,2022-08-08,0.6411388803996128
AOI-0016,2022-08-13,0.5137832291332913
AOI-0016,2022-08-23,0.4122132958339203
AOI-0016,2022-09-27,0.2234337338151455
AOI-0016,2022-10-19,0.1961576557511425
AOI-0016,2023-04-11,0.7236116232414695
AOI-0016,2023-05-05,0.8508753619909788
AOI-0016,2023-05-25,0.7780437398508621
AOI-0016,2023-06-07,0.7684301506358178
AOI-0016,2023-06-11,0.6755594302406637
AOI-0016,2023-07-16,0.280987788579937
AOI-0016,2023-07-17,0.269229727303058
AOI-0016,2023-07-24,0.338801951000028
AOI-0016,2023-07-28,0.3850430554762235
AOI-0016,2023-08-17,0.2144638869978271
AOI-0016,2023-08-25,0.1647539471512224
AOI-0016,2023-09-07,0.1522303199859631
AOI-0016,2023-09-26,0.2107068998967644
AOI-0016,2023-10-16,0.257598921565521
AOI-0016,2023-10-19,0.1952532941279949
AOI-0016,2024-04-26,0.3114595618855574
AOI-0016,2024-05-04,0.4300630710331029
AOI-0016,2024-05-06,0.4833807145095627
AOI-0016,2024-05-09,0.4817860048550395
AOI-0016,2024-06-05,0.3614510410319311
AOI-0016,2024-06-13,0.3008229954264475
AOI-0016,2024-06-24,0.3262894784842151
AOI-0016,2024-07-10,0.2670115027465507
AOI-0016,2024-07-18,0.1865349686043661
AOI-0016,2024-09-11,0.184865401042488
AOI-0016,2024-09-16,0.1819956986831216
AOI-0016,2024-10-07,0.2135557007558322
AOI-0016,2024-10-30,0.2397121755776832
AOI-0018,2010-07-12,0.7171198238224437
AOI-0018,2010-08-29,0.5446390837441643
AOI-0018,2010-09-30,0.453007615462896
AOI-0018,2011-04-26,0.2405074392507097
AOI-0018,2011-05-21,0.6725884115841385
AOI-0018,2011-05-25,0.7380014545725273
AOI-0018,2011-06-22,0.778849506192049
AOI-0018,2011-06-26,0.7339211677754598
AOI-0018,2011-07-15,0.6493754326314441
AOI-0018,2011-07-28,0.6659415514708058
AOI-0018,2011-08-17,0.6273839508158237
AOI-0018,2011-10-27,0.4703337100686662
AOI-0018,2012-04-06,0.4112305027790196
AOI-0018,2012-07-25,0.6995419081571195
AOI-0018,2012-07-27,0.6115815962030562
AOI-0018,2012-09-04,0.5966268409520901
AOI-0018,2012-10-06,0.6553415415876717
AOI-0018,2012-10-15,0.6060901558634202
AOI-0018,2013-06-11,0.6415103662308463
AOI-0018,2013-08-13,0.6538124881103093
AOI-0018,2013-08-21,0.7126507482552664
AOI-0018,2013-09-22,0.6822932393942499
AOI-0018,2013-10-16,0.5792157843180696
AOI-0018,2014-05-09,0.7028186512182377
AOI-0018,2014-06-06,0.6636305003703707
AOI-0018,2014-06-10,0.6277115653649408
AOI-0018,2014-09-14,0.4300888597783171
AOI-0018,2015-04-07,0.4822652403173894
AOI-0018,2015-05-23,0.6992076521640871
AOI-0018,2015-05-25,0.6694059590458109
AOI-0018,2015-08-04,0.511878014503651
AOI-0018,2015-08-11,0.498573874413885
AOI-0018,2015-09-28,0.421992673304358
AOI-0018,2016-05-18,0.785566530865785
AOI-0018,2016-06-03,0.7990241803532546
AOI-0018,2016-06-18,0.7154499195684287
AOI-0018,2016-07-13,0.5923572231518053
AOI-0018,2016-08-22,0.6158696057042685
AOI-0018,2016-10-16,0.8606120550264608
AOI-0018,2017-07-12,0.6627911843292205
AOI-0018,2017-08-08,0.592530609995131
AOI-0018,2017-08-13,0.529845455011708
AOI-0018,2017-09-02,0.56504746175766
AOI-0018,2017-09-26,0.5345697838512421
AOI-0018,2017-10-04,0.4609076323632924
AOI-0018,2017-10-05,0.4548542185393273
AOI-0018,2017-10-08,0.4408362358024904
AOI-0018,2018-06-15,0.5998129341715569
AOI-0018,2018-07-18,0.5619476928139409
AOI-0018,2018-07-28,0.5199536115825117
AOI-0018,2018-08-13,0.4023666458435428
AOI-0018,2018-08-20,0.3160605862039779
AOI-0018,2018-09-05,0.2691574834041432
AOI-0018,2018-10-07,0.260356529559529
AOI-0018,2019-04-28,0.4912266260225009
AOI-0018,2019-05-02,0.4469242007774736
AOI-0018,2019-05-06,0.344757058984649
AOI-0018,2019-05-13,0.2631168909641453
AOI-0018,2019-05-18,0.2778994672978073
AOI-0018,2019-05-21,0.2867479048891727
AOI-0018,2019-05-25,0.5282727881920203
AOI-0018,2019-06-25,0.3198004902420393
AOI-0018,2019-06-26,0.4705070764388966
AOI-0018,2019-07-12,0.6550546347843115
AOI-0018,2019-08-29,0.5050761585502409
AOI-0018,2019-09-03,0.4413726856647365
AOI-0018,2019-09-10,0.3700776493286691
AOI-0018,2019-10-10,0.2437505746301435
AOI-0018,2019-10-13,0.2357996570238042
AOI-0018,2020-06-11,0.6114165515983463
AOI-0018,2020-06-25,0.4358531374556291
AOI-0018,2020-07-14,0.1576325258559492
AOI-0018,2020-08-20,0.1903172386518677
AOI-0018,2020-09-02,0.1756745919470082
AOI-0018,2020-09-04,0.1812704069440187
AOI-0018,2020-09-12,0.181815614162892
AOI-0018,2020-09-26,0.1883734695793133
AOI-0018,2020-10-07,0.1722259868122627
AOI-0018,2020-10-09,0.1741817090432899
AOI-0018,2020-10-27,0.186865992329927
AOI-0018,2021-04-02,0.2937995610916897
AOI-0018,2021-04-07,0.5038870401947196
AOI-0018,2021-05-09,0.8062650976861732
AOI-0018,2021-05-12,0.821306078626162
AOI-0018,2021-05-20,0.837879995315718
AOI-0018,2021-05-23,0.8740636741592034
AOI-0018,2021-06-14,0.8125731789198316
AOI-0018,2021-07-19,0.2099226979255511
AOI-0018,2021-07-28,0.3591162754730458
AOI-0018,2021-08-12,-0.02
AOI-0018,2021-08-23,0.2426556733285281
AOI-0018,2021-08-25,0.2578251852166938
AOI-0018,2021-08-29,0.3657049331174479
AOI-0018,2021-09-13,0.2342543652065402
AOI-0018,2021-10-27,0.2415607198580387
AOI-0018,2022-04-05,0.1923862154978372
AOI-0018,2022-04-08,0.2509048399359385
AOI-0018,2022-05-20,0.2614845653824313
AOI-0018,2022-06-04,0.3659646204346821
AOI-0018,2022-06-08,0.5477265777069736
AOI-0018,2022-06-19,0.7251983794434649
AOI-0018,2022-06-24,0.7398145714987013
AOI-0018,2022-07-22,0.7964750320457152
AOI-0018,2022-07-30,0.8031033651066155
AOI-0018,2022-08-10,0.6673534660526548
AOI-0018,2022-08-28,0.3239258462360151
AOI-0018,2022-08-31,0.331907423779741
AOI-0018,2022-10-19,0.1954663925862593
AOI-0018,2023-04-04,0.7621226805804167
AOI-0018,2023-04-10,0.6831497018487008
AOI-0018,2023-05-09,0.8129556711437833
AOI-0018,2023-05-15,0.8281924477468032
AOI-0018,2023-05-25,0.7680284064732311
AOI-0018,2023-06-24,0.3665944748340072
AOI-0018,2023-07-06,0.2806589204855119
AOI-0018,2023-07-16,0.3118973910405981
AOI-0018,2023-07-24,0.3012785312089586
AOI-0018,2023-08-02,0.2632904942586223
AOI-0018,2023-08-30,0.1942930125246475
AOI-0018,2023-09-12,0.1862648017387048
AOI-0018,2023-09-18,0.2396482341013355
AOI-0018,2023-10-12,0.1875506972259134
AOI-0018,2023-10-19,0.1923373861494862
AOI-0018,2024-04-05,0.2425450444405779
AOI-0018,2024-04-29,0.3025069443863335
AOI-0018,2024-05-07,0.2523341004506757
AOI-0018,2024-06-17,0.7977365718239252
AOI-0018,2024-06-25,0.6582872380778035
AOI-0018,2024-06-28,0.7501022580492464
AOI-0018,2024-07-05,0.6632818581999746
AOI-0018,2024-08-03,0.5566359076957078
AOI-0018,2024-08-20,0.3276583318261084
AOI-0018,2024-09-20,0.2458198303531882
AOI-0018,2024-09-23,0.1936598358878504
AOI-0018,2024-10-01,0.19220726170468
AOI-0018,2024-10-30,0.2370279883896509
AOI-0024,2010-04-23,0.2709359195314944
AOI-0024,2010-06-19,0.3344668950780766
AOI-0024,2010-07-28,0.7333095255004762
AOI-0024,2010-10-16,0.2907806946086557
AOI-0024,2011-06-14,0.3659091703770999
AOI-0024,2011-06-26,0.5282711325710283
AOI-0024,2011-07-16,0.5020769604226135
AOI-0024,2011-09-14,0.4551289528747514
AOI-0024,2011-10-16,0.3964310963450573
AOI-0024,2012-04-04,0.2089068855105833
AOI-0024,2012-04-06,0.3636962913635985
AOI-0024,2012-06-23,0.4651515445188973
AOI-0024,2012-07-18,0.3206680999557646
AOI-0024,2012-08-28,0.319843253304247
AOI-0024,2012-09-04,0.2422554298581978
AOI-0024,2012-09-13,0.3213459617673677
AOI-0024,2012-09-27,0.236676325024084
AOI-0024,2013-04-16,0.2262640185388424
AOI-0024,2013-06-11,0.3925262260091379
AOI-0024,2013-07-20,0.578578721367633
AOI-0024,2013-07-29,0.5631503207375221
AOI-0024,2013-08-22,0.4009567664860177
AOI-0024,2013-09-14,0.4433851132183437
AOI-0024,2014-05-09,0.7660790714851389
AOI-0024,2014-07-12,0.3569524384085574
AOI-0024,2014-08-09,0.1778513368002726
AOI-0024,2014-08-16,0.1731676816851865
AOI-0024,2014-09-30,0.2413311082769442
AOI-0024,2014-10-04,0.1984960720510135
AOI-0024,2015-04-14,0.3072594509465979
AOI-0024,2015-07-11,0.3286675334647119
AOI-0024,2015-07-12,0.407917228730503
AOI-0024,2015-07-28,0.3954149442785739
AOI-0024,2015-09-29,0.2603965284008729
AOI-0024,2016-04-08,0.2564208395204508
AOI-0024,2016-04-23,0.3136424197919536
AOI-0024,2016-06-19,0.6859124892334154
AOI-0024,2016-08-12,0.6843794386230126
AOI-0024,2016-08-22,0.6558350473785475
AOI-0024,2016-08-30,0.5581085232341646
AOI-0024,2016-09-14,0.4088279404053744
AOI-0024,2016-10-16,0.4162125661819545
AOI-0024,2017-04-26,0.5445483960319906
AOI-0024,2017-05-01,0.6327414602393211
AOI-0024,2017-05-12,0.7537056848755586
AOI-0024,2017-05-29,0.7982279901939774
AOI-0024,2017-06-13,0.7667731708917911
AOI-0024,2017-06-14,0.7395567757357524
AOI-0024,2017-06-29,0.3810352769973152
AOI-0024,2017-07-07,0.2658054996925599
AOI-0024,2017-07-15,0.2676285338701553
AOI-0024,2017-08-01,0.1768030563129381
AOI-0024,2017-08-04,0.1858582787923727
AOI-0024,2017-08-08,0.1915114200441339
AOI-0024,2017-08-16,0.2098341314686471
AOI-0024,2017-08-24,0.1523213383498671
AOI-0024,2017-09-02,0.1722040105429076
AOI-0024,2017-09-05,0.1675308915460135
AOI-0024,2017-09-18,0.1757571191101343
AOI-0024,2017-09-30,0.2456232567956272
AOI-0024,2018-04-14,0.211150641511899
AOI-0024,2018-06-24,0.4134524023878843
AOI-0024,2018-06-25,0.4249301799663091
AOI-0024,2018-08-19,0.2020036316680123
AOI-0024,2018-09-04,0.1950628236514678
AOI-0024,2018-09-29,0.1989431051261556
AOI-0024,2019-04-01,0.2682969961077117
AOI-0024,2019-04-21,0.4948225563012636
AOI-0024,2019-05-11,0.7844242545571904
AOI-0024,2019-05-28,0.8555789644453111
AOI-0024,2019-08-23,0.1841819943344818
AOI-0024,2019-08-24,0.2044506931611534
AOI-0024,2019-09-14,0.2962738965674356
AOI-0024,2019-09-15,0.1868812876550448
AOI-0024,2019-09-16,0.2220512476755066
AOI-0024,2019-10-09,0.347427227033034
AOI-0024,2019-10-26,0.4083148163669611
AOI-0024,2020-04-30,0.201565841762573
AOI-0024,2020-05-27,0.2664889672121179
AOI-0024,2020-07-07,0.6895690542657131
AOI-0024,2020-08-09,0.3816742095911795
AOI-0024,2020-08-12,0.3698163023320661
AOI-0024,2020-09-22,0.176898382368
AOI-0024,2020-10-15,0.2201263270668243
AOI-0024,2021-06-10,0.7876595566927693
AOI-0024,2021-07-12,0.3330380012495428
AOI-0024,2021-08-03,0.1865867167183393
AOI-0024,2021-08-12,0.149041612432368
AOI-0024,2021-08-23,0.1911240878336746
AOI-0024,2021-08-25,0.2123837520110272
AOI-0024,2022-04-05,0.4901854554863391
AOI-0024,2022-05-25,0.8565612838046791
AOI-0024,2022-06-04,0.8569149857988243
AOI-0024,2022-06-30,0.3448600943615005
AOI-0024,2022-07-01,0.29190821209329
AOI-0024,2022-07-17,0.2318758217451396
AOI-0024,2022-08-22,0.2966411070166967
AOI-0024,2022-09-01,0.3264709907855521
AOI-0024,2022-09-30,0.3998117006576445
AOI-0024,2022-10-01,0.3567314487463294
AOI-0024,2023-04-23,0.4434652697336976
AOI-0024,2023-04-27,0.2649812055751726
AOI-0024,2023-05-12,0.2714129679527847
AOI-0024,2023-05-17,0.2492761506930222
AOI-0024,2023-06-19,0.6084305724469761
AOI-0024,2023-07-05,0.7960094778457714
AOI-0024,2023-07-21,0.8055827515131595
AOI-0024,2023-08-01,0.7750596657000801
AOI-0024,2023-08-06,0.7913027541906075
AOI-0024,2023-08-13,0.6534214948885817
AOI-0024,2023-08-18,0.5837384704435363
AOI-0024,2023-09-22,0.2652573589223102
AOI-0024,2023-09-29,0.2195825152945721
AOI-0024,2023-10-11,0.1866253736141258
AOI-0024,2023-10-12,0.1808864729584088
AOI-0024,2024-04-05,0.6959045331758
AOI-0024,2024-04-11,0.7625862844137834
AOI-0024,2024-05-23,0.8713408261436293
AOI-0024,2024-06-24,0.2831939391597902
AOI-0024,2024-06-28,0.2063636268725911
AOI-0024,2024-07-11,0.2373917740318052
AOI-0024,2024-07-15,0.1610098807169074
AOI-0024,2024-07-27,0.1874914194555253
AOI-0024,2024-07-30,0.1427330187822117
AOI-0024,2024-08-09,0.1472002410295821
AOI-0024,2024-09-21,0.1615776704367692
AOI-0024,2024-10-03,0.1311337308457862
AOI-0024,2024-10-08,0.1531114206152903
AOI-0025,2010-06-02,0.5269290995890886
AOI-0025,2011-04-02,0.1620754257197725
AOI-0025,2011-04-07,0.2877166533467529
AOI-0025,2011-06-26,0.420447031955971
AOI-0025,2011-08-08,0.2313235827220894
AOI-0025,2012-04-04,0.4202548159830843
AOI-0025,2012-05-24,0.7202208172240743
AOI-0025,2012-08-26,0.1859720491297288
AOI-0025,2013-04-07,0.362685857068875
AOI-0025,2013-04-23,0.4645103666074317
AOI-0025,2013-08-13,0.2771909872059109
AOI-0025,2013-10-16,0.5307184098225113
AOI-0025,2014-04-18,0.8519283123562347
AOI-0025,2014-05-09,0.8399948265397688
AOI-0025,2014-07-28,0.3087520330665413
AOI-0025,2014-08-24,0.2069530041469766
AOI-0025,2015-04-13,0.2478735021312535
AOI-0025,2015-05-25,0.4936798240468649
AOI-0025,2015-08-13,0.2923227498586322
AOI-0025,2015-09-14,0.2521338785246787
AOI-0025,2016-04-06,0.7170118775463166
AOI-0025,2016-05-09,0.8135317631144945
AOI-0025,2016-05-25,0.7854417724059208
AOI-0025,2016-06-10,0.4951599088452127
AOI-0025,2016-06-18,0.3461986628261747
AOI-0025,2016-07-11,0.3235629455581832
AOI-0025,2016-07-27,0.2889473120999479
AOI-0025,2016-08-12,0.2895394489924436
AOI-0025,2016-09-13,0.274677278543218
AOI-0025,2016-10-15,0.3205150781555985
AOI-0025,2016-10-24,0.2284039175009076
AOI-0025,2017-04-02,0.2071931123452256
AOI-0025,2017-04-23,0.4012185362745959
AOI-0025,2017-05-25,0.5928515197338884
AOI-0025,2017-07-28,0.622308992172104
AOI-0025,2017-07-31,0.6327391087081888
AOI-0025,2017-08-09,0.3506373944468361
AOI-0025,2017-08-29,0.2320914700677764
AOI-0025,2018-07-26,0.2127253220214414
AOI-0025,2018-09-12,0.1978394686974235
AOI-0025,2019-04-07,0.3398678364044601
AOI-0025,2019-05-02,0.2517190703502342
AOI-0025,2019-06-27,0.1960156295891703
AOI-0025,2019-08-06,0.220241026418973
AOI-0025,2019-08-19,0.1554418075064255
AOI-0025,2019-08-22,0.2002823660446464
AOI-0025,2019-08-29,0.2027553413809267
AOI-0025,2019-09-14,0.2600939428763996
AOI-0025,2019-09-23,0.1127857573771933
AOI-0025,2019-10-23,0.6771124034243017
AOI-0025,2020-05-30,0.7711805867227494
AOI-0025,2020-08-13,0.14748034617086
AOI-0025,2020-09-22,0.1445393161420451
AOI-0025,2020-10-12,0.1154240233249316
AOI-0025,2021-05-31,0.8198697283121088
AOI-0025,2021-06-24,0.6315025072506698
AOI-0025,2021-07-14,0.1984231569086203
AOI-0025,2021-07-28,0.2803406683677512
AOI-0025,2021-09-14,0.2541200782082689
AOI-0025,2021-10-16,0.2913330155839468
AOI-0025,2022-06-09,0.8310187399005935
AOI-0025,2022-06-11,0.826222103818687
AOI-0025,2022-06-13,0.7996165838881985
AOI-0025,2022-06-29,0.3203309830394942
AOI-0025,2022-07-21,0.1580208292580028
AOI-0025,2022-08-13,0.2055494239127045
AOI-0025,2022-08-14,0.2179787090863177
AOI-0025,2022-08-29,0.2316399938609633
AOI-0025,2022-09-30,0.2648045990882507
AOI-0025,2023-05-09,0.5115738584155823
AOI-0025,2023-05-15,0.282080604487184
AOI-0025,2023-06-26,0.7079622636435261
AOI-0025,2023-07-16,0.7647823122886412
AOI-0025,2023-08-01,0.7795808336207652
AOI-0025,2023-08-13,0.6865760490026611
AOI-0025,2023-09-30,0.2564180324302966
AOI-0025,2024-05-07,0.8176455098265292
AOI-0025,2024-05-23,0.8192363270163415
AOI-0025,2024-07-18,0.1425485878279337
AOI-0025,2024-07-28,0.1444296543023072
AOI-0025,2024-08-12,0.1794447722174844
AOI-0025,2024-08-17,0.1337978266974198
AOI-0025,2024-09-16,0.1321664980288538
AOI-0025,2024-09-26,0.1256922098011862
AOI-0025,2024-10-11,0.1282434147749173
AOI-0025,2024-10-30,0.1872817206321091
AOI-0029,2010-08-13,0.2035266825154012
AOI-0029,2010-08-29,0.1807627506364602
AOI-0029,2011-04-26,0.3724347332511291
AOI-0029,2012-05-24,0.607893896239533
AOI-0029,2012-06-09,0.6773661218643492
AOI-0029,2012-07-27,0.3827485722856326
AOI-0029,2012-09-27,0.1767283851635872
AOI-0029,2013-04-15,0.8063185791431228
AOI-0029,2013-05-09,0.8091523102797562
AOI-0029,2014-05-20,0.3572634776792663
AOI-0029,2014-06-10,0.3329879480456287
AOI-0029,2014-07-28,0.2323370879451546
AOI-0029,2014-08-13,0.2030111749477199
AOI-0029,2015-04-23,0.8192502781066231
AOI-0029,2016-04-07,0.2388765803628125
AOI-0029,2016-06-18,0.7759008752767121
AOI-0029,2016-07-04,0.7707629026176738
AOI-0029,2016-08-13,0.3876340267598952
AOI-0029,2016-09-29,0.3596513094004399
AOI-0029,2017-04-01,0.4679117321827056
AOI-0029,2017-04-07,0.7033150405815881
AOI-0029,2017-05-01,0.7612976174023898
AOI-0029,2017-06-10,0.6279880832506358
AOI-0029,2017-06-26,0.3696734934394703
AOI-0029,2017-08-04,0.1659014841555159
AOI-0029,2017-08-09,0.1394476351685615
AOI-0029,2017-08-13,0.2289049012655035
AOI-0029,2017-09-01,0.1837663043335686
AOI-0029,2017-09-30,0.241341636853729
AOI-0029,2018-04-23,0.4019632104381184
AOI-0029,2018-06-16,0.1895675306315169
AOI-0029,2018-09-12,0.1904394181050305
AOI-0029,2018-09-18,0.1758853349129926
AOI-0029,2018-09-30,0.2633352846254719
AOI-0029,2019-04-11,0.5685032991102724
AOI-0029,2019-04-23,0.7551730137308994
AOI-0029,2019-06-05,0.8345742149021995
AOI-0029,2019-06-15,0.6313578281166486
AOI-0029,2019-06-25,0.2344799230440986
AOI-0029,2019-07-25,0.0978352872832651
AOI-0029,2019-07-28,0.2693157591771869
AOI-0029,2019-09-13,0.1420049728131674
AOI-0029,2019-09-23,0.0903946151119895
AOI-0029,2020-04-02,0.3663977717319724
AOI-0029,2020-04-06,0.4372083417648992
AOI-0029,2020-05-20,0.5912301059344021
AOI-0029,2020-07-14,0.1382369184780696
AOI-0029,2020-07-23,0.2038242283150142
AOI-0029,2020-08-03,0.1342658449933376
AOI-0029,2020-09-02,0.1387070683093445
AOI-0029,2020-09-17,0.1557992090593816
AOI-0029,2020-09-25,0.1725029694950519
AOI-0029,2021-04-21,0.5893259638805887
AOI-0029,2021-05-07,0.7876409655822397
AOI-0029,2021-05-23,0.8911182713895156
AOI-0029,2021-06-16,0.8058448594351595
AOI-0029,2021-06-19,0.8057869227447201
AOI-0029,2021-06-26,0.5505031050299144
AOI-0029,2021-07-10,0.2904567917693755
AOI-0029,2021-09-17,0.1872915505882166
AOI-0029,2021-10-07,0.1685883744044222
AOI-0029,2021-10-22,0.2399493911553303
AOI-0029,2021-10-27,0.2680690824084281
AOI-0029,2022-04-10,0.2167849427654025
AOI-0029,2022-04-15,0.2565427542197938
AOI-0029,2022-06-09,0.4524896871996921
AOI-0029,2022-06-19,0.7221830497939321
AOI-0029,2022-07-05,0.7863047193854835
AOI-0029,2022-07-12,0.687504051633629
AOI-0029,2022-08-03,0.6105000354782122
AOI-0029,2022-08-29,0.3637937621833536
AOI-0029,2022-09-17,0.1804696765691453
AOI-0029,2023-06-30,0.3903177045323478
AOI-0029,2023-07-12,0.3502649469060551
AOI-0029,2023-07-28,0.3216612926986669
AOI-0029,2023-08-01,0.2104556658778948
AOI-0029,2023-08-09,0.2845526974173114
AOI-0029,2023-08-25,0.1758129058719409
AOI-0029,2023-09-22,0.1531404956817763
AOI-0029,2023-09-24,0.1662754719202773
AOI-0029,2024-05-24,0.2612109547921068
AOI-0029,2024-06-24,0.2286146705878984
AOI-0029,2024-06-28,0.1483424022548033
AOI-0029,2024-07-03,0.1396097712682395
AOI-0029,2024-07-11,0.2036647383777123
AOI-0029,2024-09-28,0.1671874156760266
AOI-0034,2010-04-26,0.3382565884310371
AOI-0034,2010-05-28,0.5680429875431285
AOI-0034,2010-06-12,0.6207537864493576
AOI-0034,2010-07-31,0.2382473113889315
AOI-0034,2011-04-07,0.3590573011800082
AOI-0034,2011-04-28,0.3139430534446327
AOI-0034,2011-06-16,0.288820864101587
AOI-0034,2011-06-26,0.3008893874173876
AOI-0034,2011-07-26,0.1658279767797618
AOI-0034,2011-08-18,0.1773052528387385
AOI-0034,2011-09-27,0.2303242886105068
AOI-0034,2011-09-30,0.3659507914666277
AOI-0034,2012-05-01,0.6354213234903914
AOI-0034,2012-05-17,0.6334565258495141
AOI-0034,2012-05-24,0.6108840458661385
AOI-0034,2012-06-09,0.3173760372211597
AOI-0034,2012-06-25,0.2405328677540536
AOI-0034,2012-07-27,0.1982665933344035
AOI-0034,2012-08-12,0.2066706878645274
AOI-0034,2013-04-02,0.2201874446706753
AOI-0034,2013-04-18,0.2511578468416806
AOI-0034,2013-05-11,0.3598720606127308
AOI-0034,2013-06-13,0.1886079615953937
AOI-0034,2013-06-21,0.1752577994705368
AOI-0034,2013-07-14,0.1769910191264387
AOI-0034,2013-08-23,0.2332730808922649
AOI-0034,2013-10-10,0.3874750001234118
AOI-0034,2014-07-10,0.1525453018541048
AOI-0034,2014-10-29,0.1792668748522078
AOI-0034,2015-04-24,0.1899056002987313
AOI-0034,2015-05-26,0.2230516666966095
AOI-0034,2015-07-04,0.1803149004226077
AOI-0034,2015-08-13,0.1816119045137848
AOI-0034,2015-08-29,0.1753373566461642
AOI-0034,2015-09-07,0.1691641833326865
AOI-0034,2015-09-15,0.1455339237664
AOI-0034,2015-09-22,0.1753711245571624
AOI-0034,2015-10-08,0.1988169617343566
AOI-0034,2016-06-12,0.4268805043941955
AOI-0034,2016-06-21,0.2493507269720162
AOI-0034,2016-07-27,0.2233279945053982
AOI-0034,2016-08-31,0.162096363630822
AOI-0034,2016-10-15,0.2799959570248527
AOI-0034,2016-10-26,0.2247263434262624
AOI-0034,2017-04-03,0.1692254011871067
AOI-0034,2017-04-04,0.1739424889019516
AOI-0034,2017-05-07,0.2178149264028512
AOI-0034,2017-06-10,0.264806175494564
AOI-0034,2017-07-17,0.1641906208655267
AOI-0034,2017-07-25,0.1535376316084407
AOI-0034,2017-08-02,0.161212071264227
AOI-0034,2017-08-06,0.129420171436094
AOI-0034,2017-08-19,0.1341594373387528
AOI-0034,2017-09-11,0.1810840690133104
AOI-0034,2017-09-28,0.3271683085765133
AOI-0034,2018-04-28,0.803685045755602
AOI-0034,2018-05-17,0.8313180467589323
AOI-0034,2018-05-30,0.6973367252706453
AOI-0034,2018-06-11,0.3551496223308599
AOI-0034,2018-06-27,0.1683000328977855
AOI-0034,2018-09-05,0.1213785423058345
AOI-0034,2019-04-23,0.2584407783857027
AOI-0034,2019-05-18,0.1655666916794378
AOI-0034,2019-05-29,0.2052110755549308
AOI-0034,2019-06-04,0.1584101004765178
AOI-0034,2019-06-17,0.1256979934232611
AOI-0034,2019-06-22,0.1148091490789957
AOI-0034,2019-06-24,0.0986117236191675
AOI-0034,2019-06-27,0.1103372665294121
AOI-0034,2019-07-19,0.0960270063065123
AOI-0034,2019-07-29,0.14484064283875
AOI-0034,2019-08-11,0.1589725787675644
AOI-0034,2019-08-13,0.1994102920937543
AOI-0034,2019-09-02,0.1594476892688447
AOI-0034,2019-09-14,0.2254673492706672
AOI-0034,2019-09-17,0.1587848705434499
AOI-0034,2019-10-22,0.6963199863106351
AOI-0034,2020-04-14,0.7493129331307197
AOI-0034,2020-04-17,0.7520679761460987
AOI-0034,2020-04-29,0.7749293808026281
AOI-0034,2020-05-04,0.7242874909323078
AOI-0034,2020-05-24,0.6675662279027836
AOI-0034,2020-05-31,0.741842078614573
AOI-0034,2020-06-03,0.599744955704496
AOI-0034,2020-07-10,0.154005474323006
AOI-0034,2020-07-16,0.0945004975278049
AOI-0034,2020-07-23,0.106256493840811
AOI-0034,2020-07-25,0.1607092009162198
AOI-0034,2020-07-28,0.1135478079179107
AOI-0034,2020-07-31,0.1149387005459765
AOI-0034,2020-08-07,0.1183385235908903
AOI-0034,2020-08-11,0.1352685076444305
AOI-0034,2020-09-03,0.127255439574101
AOI-0034,2020-09-04,0.1336473977474487
AOI-0034,2020-09-29,0.1456347591033012
AOI-0034,2020-10-15,0.1931204486928147
AOI-0034,2021-04-12,0.1400390640161604
AOI-0034,2021-04-22,0.1410407926758692
AOI-0034,2021-05-01,0.1857803350034186
AOI-0034,2021-05-07,0.143845038629007
AOI-0034,2021-05-10,0.1721892434433874
AOI-0034,2021-05-29,0.1420249325877488
AOI-0034,2021-07-26,0.1138467143371194
AOI-0034,2021-07-28,0.1300337219810883
AOI-0034,2021-07-31,0.1097160602131486
AOI-0034,2021-08-02,0.1188791247281037
AOI-0034,2021-08-06,0.1622454026182724
AOI-0034,2021-08-17,0.1028000153421557
AOI-0034,2021-08-29,0.2084007072298363
AOI-0034,2021-09-11,0.1529121142311515
AOI-0034,2021-09-14,0.1677979787858198
AOI-0034,2021-09-15,0.1639282692293302
AOI-0034,2021-10-06,0.2641099753901498
AOI-0034,2021-10-09,0.321237504197208
AOI-0034,2022-04-12,0.7247596440841542
AOI-0034,2022-05-29,0.8072323933809704
AOI-0034,2022-06-11,0.5073403538767414
AOI-0034,2022-06-20,0.3071834796975848
AOI-0034,2022-06-30,0.2666640650071931
AOI-0034,2022-08-25,0.1174855406022701
AOI-0034,2022-09-06,0.1080094267106093
AOI-0034,2022-09-09,0.1241887646405753
AOI-0034,2022-10-01,0.1433738824229419
AOI-0034,2022-10-06,0.1400557794076158
AOI-0034,2023-04-04,0.2039626144752021
AOI-0034,2023-04-17,0.1677951680128456
AOI-0034,2023-04-23,0.306742211010078
AOI-0034,2023-05-31,0.1612124625273569
AOI-0034,2023-07-21,0.1602556322398682
AOI-0034,2023-07-23,0.1381030639809701
AOI-0034,2023-07-28,0.2014144832308242
AOI-0034,2023-08-08,0.1754070144084402
AOI-0034,2023-08-17,0.1555653646926336
AOI-0034,2023-09-26,0.2464180642232947
AOI-0034,2023-09-28,0.3075067082831588
AOI-0034,2023-09-30,0.3857974447616012
AOI-0034,2023-10-01,0.3132635653002086
AOI-0034,2024-04-28,0.7956974955291654
AOI-0034,2024-05-09,0.7809141468845989
AOI-0034,2024-05-10,0.7607072423536004
AOI-0034,2024-05-21,0.7184992043722253
AOI-0034,2024-06-26,0.247752703803278
AOI-0034,2024-08-16,0.1405665484330979
AOI-0034,2024-09-06,0.1467212959684918
AOI-0034,2024-09-07,0.1714680429304518
AOI-0034,2024-09-13,0.1415295647841853
AOI-0034,2024-09-14,0.1652191221100779
AOI-0034,2024-10-05,0.1330070541287171
AOI-0034,2024-10-09,0.1822236920607401
AOI-0034,2024-10-15,0.1854864575432512
AOI-0034,2024-10-25,0.146458100132938
AOI-0034,2024-10-30,0.132833341846098
AOI-0036,2010-05-28,0.3413078281899838
AOI-0036,2010-06-10,0.433058212978616
AOI-0036,2010-07-06,0.3003575682533498
AOI-0036,2010-07-07,0.2933736146488735
AOI-0036,2010-07-28,0.2528803196482996
AOI-0036,2010-07-30,0.2023400866852303
AOI-0036,2010-09-01,0.155611549919961
AOI-0036,2010-09-14,0.2104545156548392
AOI-0036,2010-09-30,0.2081909493529856
AOI-0036,2011-07-01,0.3845790862023256
AOI-0036,2011-07-12,0.36516908762446
AOI-0036,2012-04-22,0.5264892829083574
AOI-0036,2012-07-20,0.2365684267079972
AOI-0036,2012-07-27,0.2607646654793237
AOI-0036,2012-09-06,0.1505145755631579
AOI-0036,2012-09-13,0.1677528184708394
AOI-0036,2012-09-29,0.1824586770656048
AOI-0036,2012-10-15,0.1868680004187056
AOI-0036,2013-04-02,0.2564825303543901
AOI-0036,2013-06-10,0.3069715701829456
AOI-0036,2013-06-26,0.340881853255958
AOI-0036,2013-06-28,0.2797935454817536
AOI-0036,2013-09-14,0.3641572310302969
AOI-0036,2013-10-10,0.316437567209639
AOI-0036,2014-04-23,0.4703434475015525
AOI-0036,2014-05-25,0.4338732659056322
AOI-0036,2014-06-24,0.2258147226624396
AOI-0036,2014-08-02,0.1564022381500343
AOI-0036,2014-10-05,0.1717637286842401
AOI-0036,2014-10-14,0.1772367197958408
AOI-0036,2015-05-25,0.4723758518534734
AOI-0036,2015-07-28,0.1945080987269229
AOI-0036,2015-08-06,0.1666651028945328
AOI-0036,2015-09-06,0.1457235341862702
AOI-0036,2015-09-30,0.1879276643237755
AOI-0036,2016-06-09,0.3674760316187491
AOI-0036,2016-07-15,0.2873932641145551
AOI-0036,2016-07-27,0.3477926634338601
AOI-0036,2016-08-23,0.2149968705129943
AOI-0036,2016-09-25,0.1966994650088953
AOI-0036,2016-10-26,0.2655084302597693
AOI-0036,2017-04-12,0.3771170188513286
AOI-0036,2017-07-04,0.2008830185387544
AOI-0036,2017-07-25,0.2207205787988178
AOI-0036,2017-07-28,0.2514807474228731
AOI-0036,2017-08-18,0.1671643622412646
AOI-0036,2017-08-21,0.1580341147313125
AOI-0036,2017-08-26,0.1497461685448664
AOI-0036,2017-08-27,0.1859058289546325
AOI-0036,2017-09-04,0.1675893812230337
AOI-0036,2018-06-03,0.3791675814199431
AOI-0036,2018-06-26,0.2222038004030248
AOI-0036,2018-07-12,0.1945103952425912
AOI-0036,2018-08-22,0.1699998606392023
AOI-0036,2018-08-29,0.1678061284311458
AOI-0036,2018-09-05,0.1409692252973349
AOI-0036,2018-09-06,0.1837793602322565
AOI-0036,2018-10-01,0.1828511356484782
AOI-0036,2018-10-09,0.1851362256884222
AOI-0036,2018-10-12,0.1906755421539271
AOI-0036,2019-05-21,0.5556077149210724
AOI-0036,2019-05-25,0.523208613699823
AOI-0036,2019-05-29,0.4777898115278455
AOI-0036,2019-06-04,0.3625535879686828
AOI-0036,2019-06-17,0.1869938088986138
AOI-0036,2019-07-12,0.2094435600299723
AOI-0036,2019-07-28,0.2878379720589699
AOI-0036,2019-07-29,0.1964051588730786
AOI-0036,2019-08-01,0.2340842050512283
AOI-0036,2019-08-26,0.1816537967309665
AOI-0036,2019-08-29,0.2287019829321557
AOI-0036,2019-09-15,0.1447047912035048
AOI-0036,2019-10-15,0.3459360316797557
AOI-0036,2019-10-19,0.4150726042550755
AOI-0036,2019-10-22,0.431450259280328
AOI-0036,2020-04-04,0.4284525439499601
AOI-0036,2020-04-06,0.5225386740032711
AOI-0036,2020-05-24,0.4497300611065692
AOI-0036,2020-05-29,0.4347648064185869
AOI-0036,2020-06-11,0.3444228606040788
AOI-0036,2020-08-10,0.1258548369442031
AOI-0036,2020-08-19,0.1723663892081138
AOI-0036,2020-08-26,0.1633614129200991
AOI-0036,2020-08-28,0.1837356071498338
AOI-0036,2020-09-20,0.1661851073229783
AOI-0036,2020-10-19,0.1178614359873541
AOI-0036,2020-10-26,0.1389251424581723
AOI-0036,2021-06-26,0.3015488860318553
AOI-0036,2021-07-21,0.1659505696226984
AOI-0036,2021-07-26,0.1717743756638686
AOI-0036,2021-08-06,0.2267604953763319
AOI-0036,2021-08-17,0.1834879049270101
AOI-0036,2021-10-14,0.3365490985549984
AOI-0036,2022-04-07,0.4249613574155743
AOI-0036,2022-06-14,0.2944148287677416
AOI-0036,2022-06-26,0.2670095062348605
AOI-0036,2022-07-07,0.2171091412905535
AOI-0036,2022-07-21,0.1375312245900584
AOI-0036,2022-08-13,0.1682290847580844
AOI-0036,2022-08-22,0.1338833493101489
AOI-0036,2022-08-24,0.1676569011933415
AOI-0036,2022-09-14,0.1951855897800228
AOI-0036,2022-09-18,0.1515066170510089
AOI-0036,2023-04-17,0.4216436669007413
AOI-0036,2023-05-09,0.6242956024624797
AOI-0036,2023-06-18,0.4010331389875441
AOI-0036,2023-06-25,0.3796845457951723
AOI-0036,2023-07-02,0.3658053111836874
AOI-0036,2023-08-17,0.2084409158001257
AOI-0036,2023-09-29,0.1660947909275145
AOI-0036,2023-10-16,0.2007456870533354
AOI-0036,2023-10-23,0.1785648681724876
AOI-0036,2024-04-13,0.380753473695845
AOI-0036,2024-05-06,0.5123929796622742
AOI-0036,2024-05-10,0.4509034272566127
AOI-0036,2024-05-16,0.4441709926903353
AOI-0036,2024-05-18,0.4338863049431297
AOI-0036,2024-05-23,0.3513851567850792
AOI-0036,2024-06-07,0.1911598096038341
AOI-0036,2024-07-22,0.1547204911376744
AOI-0036,2024-07-25,0.1631771553212946
AOI-0036,2024-08-21,0.1555185566979747
AOI-0036,2024-08-28,0.1900480562330105
AOI-0036,2024-09-15,0.1371763859642917
AOI-0036,2024-09-22,0.1616722044633234
AOI-0036,2024-09-25,0.135332101860511
AOI-0036,2024-09-28,0.1353503554836432
AOI-0039,2010-04-07,0.3900419808048133
AOI-0039,2010-05-04,0.502268601593211
AOI-0039,2010-05-28,0.5698217907294437
AOI-0039,2010-07-15,0.4541661044197454
AOI-0039,2010-09-30,0.3671136381594982
AOI-0039,2012-04-06,0.4278800027445824
AOI-0039,2012-09-06,0.339491406899767
AOI-0039,2013-04-05,0.2935824321216602
AOI-0039,2013-06-13,0.4334580613315016
AOI-0039,2013-06-26,0.4261148363661255
AOI-0039,2013-07-12,0.4054632692236276
AOI-0039,2013-09-14,0.5353882994976162
AOI-0039,2014-04-07,0.5413297059533995
AOI-0039,2014-06-08,0.462581289140161
AOI-0039,2014-06-23,0.4713499856967707
AOI-0039,2014-08-02,0.3497945701428525
AOI-0039,2014-09-04,0.307767648809784
AOI-0039,2015-04-24,0.406354996093049
AOI-0039,2015-05-10,0.5387564595460693
AOI-0039,2015-06-10,0.4862951896351788
AOI-0039,2015-07-28,0.3845452113055088
AOI-0039,2015-08-14,0.3291460032125894
AOI-0039,2015-08-21,0.3774236071871028
AOI-0039,2015-09-22,0.4115484983168344
AOI-0039,2015-09-23,0.4217573848067672
AOI-0039,2016-04-25,0.6505560698248976
AOI-0039,2016-05-08,0.6752607435455025
AOI-0039,2016-07-06,0.4389143819355476
AOI-0039,2016-09-08,0.3177887120964801
AOI-0039,2016-10-03,0.3601420361320244
AOI-0039,2016-10-15,0.4198387757314288
AOI-0039,2016-10-18,0.3872656623627343
AOI-0039,2017-04-13,0.3952033392374273
AOI-0039,2017-05-09,0.5796840419348965
AOI-0039,2017-08-13,0.3664873840546643
AOI-0039,2017-08-19,0.3757409440931567
AOI-0039,2017-09-10,0.4710627302481613
AOI-0039,2017-09-11,0.4720866748611501
AOI-0039,2017-09-17,0.5319578054723516
AOI-0039,2017-09-22,0.5382397444350016
AOI-0039,2018-05-01,0.5441414085161943
AOI-0039,2018-08-14,0.4160480525046395
AOI-0039,2018-08-21,0.4139023480317819
AOI-0039,2018-08-29,0.3861123867090203
AOI-0039,2019-04-25,0.505647444621093
AOI-0039,2019-06-02,0.638756880126073
AOI-0039,2019-06-10,0.4893240432695371
AOI-0039,2019-06-14,0.4543100261553009
AOI-0039,2019-07-04,0.3877701303909221
AOI-0039,2019-07-17,0.34822379407763
AOI-0039,2019-08-01,0.4728212580548922
AOI-0039,2019-08-09,0.4582847884577393
AOI-0039,2019-08-11,0.4733297745207667
AOI-0039,2019-08-31,0.3987566758055463
AOI-0039,2019-09-12,0.3885183773940007
AOI-0039,2019-10-02,0.4175396182816092
AOI-0039,2019-10-11,0.5125661408154268
AOI-0039,2019-10-12,0.397459466277816
AOI-0039,2019-10-16,0.5210412201071969
AOI-0039,2019-10-17,0.5016149273478103
AOI-0039,2019-10-25,0.479871321226862
AOI-0039,2020-04-12,0.3854930920458296
AOI-0039,2020-04-21,0.415458250668439
AOI-0039,2020-04-24,0.3854542805719038
AOI-0039,2020-05-14,0.5364583619874386
AOI-0039,2020-05-29,0.5760570927898161
AOI-0039,2020-06-28,0.5062905466225548
AOI-0039,2020-07-23,0.3324450572997815
AOI-0039,2020-07-25,0.3670760344798154
AOI-0039,2020-07-26,0.3297137475357111
AOI-0039,2020-08-03,0.3312785927368511
AOI-0039,2020-08-07,0.2963550130605042
AOI-0039,2020-08-18,0.330402693899797
AOI-0039,2020-08-19,0.3620811883350345
AOI-0039,2020-08-27,0.3307901077683132
AOI-0039,2020-09-09,0.322666479812785
AOI-0039,2020-10-11,0.2582786771388494
AOI-0039,2020-10-26,0.1996780357921967
AOI-0039,2021-04-23,0.5061721313931867
AOI-0039,2021-05-12,0.5706172568265342
AOI-0039,2021-05-17,0.5898046480891747
AOI-0039,2021-05-22,0.5777456236727816
AOI-0039,2021-06-26,0.481891774847049
AOI-0039,2021-07-26,0.4659320919489175
AOI-0039,2021-08-07,0.4279695606965365
AOI-0039,2021-08-25,0.4193898827284607
AOI-0039,2021-08-29,0.4503448478045417
AOI-0039,2021-09-06,0.5148546853630035
AOI-0039,2021-09-19,0.4860429050315874
AOI-0039,2021-10-09,0.4490975239244418
AOI-0039,2022-04-12,0.4284404401388432
AOI-0039,2022-05-28,0.7139359473451471
AOI-0039,2022-06-05,0.7134531804837655
AOI-0039,2022-06-16,0.5976407535497438
AOI-0039,2022-07-06,0.5075682106880214
AOI-0039,2022-07-08,0.4914152914840318
AOI-0039,2022-08-13,0.3413855883368557
AOI-0039,2022-08-30,0.3107726912560592
AOI-0039,2022-10-01,0.4434998375294866
AOI-0039,2023-05-09,0.6494291744213839
AOI-0039,2023-06-13,0.7324155661768823
AOI-0039,2023-06-21,0.6159208182370375
AOI-0039,2023-06-23,0.5819857974886984
AOI-0039,2023-07-28,0.3869543278510983
AOI-0039,2023-07-31,0.402946723809249
AOI-0039,2023-08-18,0.3727054733430458
AOI-0039,2023-09-30,0.408636350549569
AOI-0039,2023-10-06,0.4012730675017567
AOI-0039,2023-10-11,0.4175015587486331
AOI-0039,2023-10-15,0.4331575746710162
AOI-0039,2023-10-29,0.4348564621430145
AOI-0039,2024-04-08,0.4589243771425947
AOI-0039,2024-05-23,0.5634073185364655
AOI-0039,2024-06-09,0.511039854732337
AOI-0039,2024-06-19,0.5008446835644305
AOI-0039,2024-07-15,0.3405218031706899
AOI-0039,2024-07-21,0.3672184963266917
AOI-0039,2024-08-21,0.3364809989307971
AOI-0039,2024-08-31,0.3029801770377781
AOI-0039,2024-09-13,0.2972056861432469
AOI-0039,2024-09-18,0.288881075083179
AOI-0039,2024-10-30,0.2249248456719044
AOI-0042,2010-06-04,0.1960822130429192
AOI-0042,2010-06-05,0.1887745329408851
AOI-0042,2010-07-15,0.1567295487937634
AOI-0042,2010-08-15,0.118029072488811
AOI-0042,2010-08-31,0.1464300979086904
AOI-0042,2010-10-16,0.2340115790763098
AOI-0042,2011-05-14,0.6441628233801281
AOI-0042,2011-05-30,0.7044740855784609
AOI-0042,2011-07-02,0.2276129637406151
AOI-0042,2011-07-28,0.2258013519001676
AOI-0042,2011-08-13,0.2291283008040643
AOI-0042,2011-08-29,0.2425608059685115
AOI-0042,2011-09-27,0.2633086309701793
AOI-0042,2011-10-16,0.3600990926910551
AOI-0042,2012-06-25,0.2222119628012207
AOI-0042,2012-07-20,0.221091545112962
AOI-0042,2012-08-28,0.2311883489253202
AOI-0042,2013-04-26,0.2024229639235651
AOI-0042,2013-05-11,0.2446487923335635
AOI-0042,2013-06-13,0.3763373311679787
AOI-0042,2013-09-08,0.2978403178269905
AOI-0042,2014-04-05,0.2177752386005934
AOI-0042,2014-06-16,0.2406004341753283
AOI-0042,2014-10-16,0.1713839263942243
AOI-0042,2015-07-13,0.1860572503865613
AOI-0042,2015-08-29,0.1928646875830509
AOI-0042,2015-09-06,0.1559511851528959
AOI-0042,2015-09-23,0.2086329162163065
AOI-0042,2015-10-16,0.2585745980470195
AOI-0042,2016-06-21,0.2147425598685885
AOI-0042,2016-07-15,0.1531107796654331
AOI-0042,2016-08-16,0.1896795602976569
AOI-0042,2017-04-13,0.1663781969573352
AOI-0042,2017-04-28,0.1902841583186685
AOI-0042,2017-05-07,0.202958221978125
AOI-0042,2017-05-23,0.1939619128151137
AOI-0042,2017-06-07,0.1856731013315349
AOI-0042,2017-06-08,0.1814158715804096
AOI-0042,2017-07-25,0.1625608052702456
AOI-0042,2017-07-26,0.186914926968865
AOI-0042,2017-08-03,0.1405075807255295
AOI-0042,2017-08-06,0.1369040307081921
AOI-0042,2017-08-13,0.1682420978007444
AOI-0042,2017-08-19,0.1372738681482659
AOI-0042,2017-08-26,0.1471959800590034
AOI-0042,2017-10-05,0.2150697331561483
AOI-0042,2018-05-05,0.6379776127295179
AOI-0042,2018-05-25,0.5681228738508725
AOI-0042,2018-06-12,0.2869299811391409
AOI-0042,2018-08-21,0.1877920567037235
AOI-0042,2018-10-01,0.241152531601102
AOI-0042,2019-04-10,0.1796311178394977
AOI-0042,2019-04-27,0.2078531559451723
AOI-0042,2019-06-21,0.1587635604225775
AOI-0042,2019-06-22,0.1296916747445796
AOI-0042,2019-08-03,0.1517421694737755
AOI-0042,2019-08-16,0.1456867610625408
AOI-0042,2019-08-26,0.1373392403486655
AOI-0042,2019-09-02,0.1661821174112823
AOI-0042,2019-09-10,0.1388400167185694
AOI-0042,2019-09-22,0.1457894757732596
AOI-0042,2019-10-19,0.5140799379628131
AOI-0042,2019-10-20,0.5268449329646554
AOI-0042,2019-10-28,0.5392036193998995
AOI-0042,2020-04-06,0.7859519446407487
AOI-0042,2020-05-04,0.7405319514569719
AOI-0042,2020-07-03,0.1548216550837229
AOI-0042,2020-07-25,0.1670332441348674
AOI-0042,2020-08-27,0.1137814909611118
AOI-0042,2020-09-29,0.1219910257216422
AOI-0042,2021-04-07,0.1913622873762192
AOI-0042,2021-04-12,0.1377751438434288
AOI-0042,2021-05-17,0.1820888503868525
AOI-0042,2021-06-23,0.154200373545732
AOI-0042,2021-07-01,0.1467338618479275
AOI-0042,2021-07-11,0.133287761142377
AOI-0042,2021-07-13,0.1477377772640375
AOI-0042,2021-07-21,0.1236172123342442
AOI-0042,2021-07-28,0.1669662496063227
AOI-0042,2021-07-31,0.1239661865502559
AOI-0042,2021-08-17,0.1413106257234279
AOI-0042,2021-09-14,0.1954714074883523
AOI-0042,2022-04-12,0.5525339683111934
AOI-0042,2022-04-27,0.7064383809870303
AOI-0042,2022-05-09,0.7898218222500284
AOI-0042,2022-05-14,0.8200876497432922
AOI-0042,2022-05-25,0.766193913674668
AOI-0042,2022-06-05,0.7679613474916438
AOI-0042,2022-06-21,0.2729725639327434
AOI-0042,2022-07-24,0.1458292449951641
AOI-0042,2022-08-10,0.1502235061137849
AOI-0042,2022-08-17,0.1056658496455565
AOI-0042,2022-09-14,0.1879049137702487
AOI-0042,2022-10-19,0.2004393442974454
AOI-0042,2023-04-23,0.2928551754172773
AOI-0042,2023-05-02,0.1752367965188815
AOI-0042,2023-05-19,0.1840426253283701
AOI-0042,2023-06-08,0.1758560696227252
AOI-0042,2023-06-10,0.2637874522773302
AOI-0042,2023-06-21,0.1567798806086711
AOI-0042,2023-06-23,0.1987725800275178
AOI-0042,2023-06-26,0.1751854276398066
AOI-0042,2023-07-03,0.1570830132173662
AOI-0042,2023-07-06,0.1462287932695191
AOI-0042,2023-07-28,0.1927890665073879
AOI-0042,2023-08-07,0.1344491575703391
AOI-0042,2023-08-08,0.1426711542634978
AOI-0042,2023-08-15,0.1346430909684762
AOI-0042,2023-08-20,0.1388322488577735
AOI-0042,2023-09-01,0.1400808684932333
AOI-0042,2023-10-01,0.1673710850633639
AOI-0042,2023-10-09,0.1671614360937506
AOI-0042,2023-10-30,0.4759677380264149
AOI-0042,2024-05-17,0.7775427965578581
AOI-0042,2024-05-23,0.7061329053228769
AOI-0042,2024-06-11,0.3314141751476204
AOI-0042,2024-06-18,0.2609573355621218
AOI-0042,2024-06-19,0.2763654989986493
AOI-0042,2024-07-02,0.1767018245254167
AOI-0042,2024-07-20,0.1226471550931374
AOI-0042,2024-07-29,0.1599965464206039
AOI-0042,2024-07-30,0.1214048270570069
AOI-0042,2024-08-12,0.1674861823858774
AOI-0042,2024-08-13,0.1733731212394542
AOI-0042,2024-08-16,0.1247142620457779
AOI-0042,2024-08-19,0.1248844960271382
AOI-0042,2024-08-21,0.1435804689445605
AOI-0042,2024-08-31,0.1246489827690745
AOI-0042,2024-09-15,0.1214510161090883
AOI-0042,2024-09-23,0.1299887853240225
AOI-0042,2024-09-25,0.1237532771477482
AOI-0042,2024-09-30,0.1468095484035175
AOI-0042,2024-10-01,0.1390856060843341
AOI-0042,2024-10-13,0.1144780167271282
AOI-0042,2024-10-30,0.1157633091356487
AOI-0047,2010-04-24,0.1867067366669091
AOI-0047,2010-05-09,0.3893509581947223
AOI-0047,2010-06-26,0.7810884799301485
AOI-0047,2010-07-21,0.7254555749123849
AOI-0047,2010-07-28,0.6418212944674995
AOI-0047,2011-05-25,0.7101737125593902
AOI-0047,2011-07-16,0.3327930504337094
AOI-0047,2011-08-13,0.2675221708119549
AOI-0047,2011-08-29,0.2613902599045097
AOI-0047,2012-07-02,0.4658924536762225
AOI-0047,2012-07-18,0.3399302652309284
AOI-0047,2012-09-29,0.2243522539416382
AOI-0047,2013-06-11,0.2427131191093958
AOI-0047,2013-07-21,0.3069217100633169
AOI-0047,2014-06-30,0.282783353074361
AOI-0047,2014-07-12,0.296876100560711
AOI-0047,2014-07-16,0.2322631648135971
AOI-0047,2015-06-01,0.803086231788859
AOI-0047,2015-07-11,0.3630712347873512
AOI-0047,2015-09-14,0.2650925781041865
AOI-0047,2016-06-25,0.736473678086807
AOI-0047,2016-08-28,0.4068674941491843
AOI-0047,2016-09-13,0.3606474925183576
AOI-0047,2016-10-09,0.3127479582362241
AOI-0047,2017-04-03,0.1940725258426612
AOI-0047,2017-04-07,0.303990125340615
AOI-0047,2017-04-28,0.3788659392170958
AOI-0047,2017-07-28,0.2552089872110015
AOI-0047,2018-05-09,0.3727277832636244
AOI-0047,2018-06-09,0.2017229998606876
AOI-0047,2018-06-10,0.2339310880974547
AOI-0047,2018-06-15,0.1717721887483735
AOI-0047,2018-07-02,0.1778849751882572
AOI-0047,2018-07-28,0.3281032003465983
AOI-0047,2018-09-29,0.2114906986376838
AOI-0047,2018-10-07,0.2263851586166603
AOI-0047,2019-05-27,0.8961173377296273
AOI-0047,2019-05-28,0.8823695020687503
AOI-0047,2019-06-15,0.5259370538499546
AOI-0047,2019-06-30,0.2443473399456256
AOI-0047,2019-08-19,0.3228362263803472
AOI-0047,2019-08-29,0.2924071937696341
AOI-0047,2019-08-31,0.2487399388102513
AOI-0047,2019-09-14,0.2817620029708212
AOI-0047,2019-09-30,0.3381399778134727
AOI-0047,2019-10-13,0.4042219346946787
AOI-0047,2019-10-16,0.4943264020653539
AOI-0047,2020-04-06,0.2868943241203187
AOI-0047,2020-04-30,0.1825315476052627
AOI-0047,2020-06-04,0.2506820227464553
AOI-0047,2020-06-16,0.1868948200690725
AOI-0047,2020-07-16,0.1074369011155435
AOI-0047,2020-08-03,0.1558704786051004
AOI-0047,2020-08-08,0.1694697520531815
AOI-0047,2020-10-05,0.1486979173756329
AOI-0047,2020-10-20,0.1956698605967753
AOI-0047,2020-10-22,0.1176796105590965
AOI-0047,2021-05-16,0.8590153599106607
AOI-0047,2021-05-17,0.8501662152097943
AOI-0047,2021-05-20,0.8518553131352545
AOI-0047,2021-06-09,0.8544470681102898
AOI-0047,2021-07-11,0.273701386777243
AOI-0047,2021-07-19,0.2058142048204878
AOI-0047,2021-08-30,0.2440880406784909
AOI-0047,2021-09-02,0.2398448282037317
AOI-0047,2021-09-07,0.3762791383893266
AOI-0047,2021-10-16,0.6573188079832541
AOI-0047,2022-04-05,0.2343925809155298
AOI-0047,2022-04-10,0.2836200571952931
AOI-0047,2022-05-30,0.1993553330968692
AOI-0047,2022-06-04,0.2015382091875108
AOI-0047,2022-06-08,0.23715065964774
AOI-0047,2022-06-11,0.1985367668704076
AOI-0047,2022-06-19,0.1568298123373485
AOI-0047,2022-06-21,0.1765028135766867
AOI-0047,2022-07-14,0.1431996599135264
AOI-0047,2022-07-30,0.215326851354373
AOI-0047,2022-08-07,0.1820248211808463
AOI-0047,2022-08-08,0.1920914447332088
AOI-0047,2022-08-10,0.1610815554513013
AOI-0047,2022-08-13,0.2189020702821746
AOI-0047,2022-08-30,0.1577473070584324
AOI-0047,2022-09-01,0.1771045110293246
AOI-0047,2022-10-18,0.3684267306849164
AOI-0047,2023-06-16,0.7439399456513776
AOI-0047,2023-07-17,0.241853855354526
AOI-0047,2023-07-25,0.2357286548888402
AOI-0047,2023-07-26,0.1855123889073666
AOI-0047,2023-08-05,0.1826867654743501
AOI-0047,2023-08-15,0.1572227569175344
AOI-0047,2023-09-17,0.1593907863548735
AOI-0047,2023-09-22,0.1648390854530301
AOI-0047,2023-09-27,0.1857501992328254
AOI-0047,2023-10-04,0.1689617219728812
AOI-0047,2023-10-22,0.1914952888771029
AOI-0047,2024-04-29,0.2726832310349771
AOI-0047,2024-05-04,0.2453175849563061
AOI-0047,2024-05-24,0.342107644558436
AOI-0047,2024-06-10,0.2479873704048621
AOI-0047,2024-06-25,0.2989434450648241
AOI-0047,2024-07-30,0.2369905150031958
AOI-0047,2024-09-11,0.1814685636804315
AOI-0047,2024-10-08,0.1567600960128748
AOI-0047,2024-10-13,0.1470389947583713
AOI-0047,2024-10-15,0.22204433683336
AOI-0049,2010-08-04,0.5095080889467627
AOI-0049,2010-08-28,0.2046687331665916
AOI-0049,2010-09-05,0.1675527613831199
AOI-0049,2010-09-30,0.2868698506974954
AOI-0049,2011-04-26,0.5560168338575822
AOI-0049,2011-05-25,0.7983827361928089
AOI-0049,2011-05-27,0.8304362821240234
AOI-0049,2011-06-12,0.7287905802351857
AOI-0049,2011-07-12,0.3765458487181792
AOI-0049,2011-09-08,0.1882029475752527
AOI-0049,2011-09-24,0.1920290063786889
AOI-0049,2011-10-11,0.2740325131197291
AOI-0049,2011-10-27,0.3607686499983942
AOI-0049,2012-05-06,0.2346931458401615
AOI-0049,2012-05-08,0.3892487406293085
AOI-0049,2012-09-18,0.2414934631601352
AOI-0049,2012-10-15,0.3267790023085123
AOI-0049,2013-05-25,0.461027499769038
AOI-0049,2013-06-17,0.5503117417141199
AOI-0049,2013-07-11,0.7703562999924993
AOI-0049,2013-08-05,0.6654769300183436
AOI-0049,2013-08-20,0.3466380584113377
AOI-0049,2013-09-30,0.309695329398532
AOI-0049,2013-10-24,0.2251419256773596
AOI-0049,2014-04-18,0.7680813371625258
AOI-0049,2014-05-09,0.8353856726540081
AOI-0049,2014-07-12,0.3238567568555677
AOI-0049,2014-09-16,0.2325475419360651
AOI-0049,2015-04-13,0.2156364080640754
AOI-0049,2015-05-22,0.2902113551252192
AOI-0049,2015-07-12,0.7523392677945351
AOI-0049,2015-07-25,0.778986757359032
AOI-0049,2015-07-28,0.6468693861599154
AOI-0049,2015-09-30,0.2164175838360957
AOI-0049,2015-10-30,0.1867568593476265
AOI-0049,2016-04-22,0.8530811326960988
AOI-0049,2016-08-28,0.2811813917684297
AOI-0049,2016-09-14,0.266438064137264
AOI-0049,2016-09-29,0.5141455996992168
AOI-0049,2017-06-21,0.8417160665674019
AOI-0049,2017-07-14,0.7862167785494731
AOI-0049,2017-08-13,0.4345820995657808
AOI-0049,2017-09-13,0.2498407127086993
AOI-0049,2017-09-17,0.2889574208916495
AOI-0049,2018-05-09,0.8196433235589893
AOI-0049,2018-06-16,0.2877813005796347
AOI-0049,2018-06-24,0.2210367838565111
AOI-0049,2018-07-10,0.1580889294349315
AOI-0049,2018-08-02,0.1825522966987016
AOI-0049,2018-08-10,0.1918654220888772
AOI-0049,2018-08-27,0.143545998047105
AOI-0049,2018-09-18,0.1547595198985418
AOI-0049,2018-10-06,0.1918549237214419
AOI-0049,2019-04-21,0.2533903702793025
AOI-0049,2019-07-12,0.6897365738152971
AOI-0049,2019-09-03,0.2445847180570795
AOI-0049,2019-09-23,0.1359469143926744
AOI-0049,2020-04-02,0.6247206584517327
AOI-0049,2020-04-18,0.665520108173086
AOI-0049,2020-04-25,0.7261358324299039
AOI-0049,2020-04-26,0.6782368487957496
AOI-0049,2020-05-11,0.8100715050910743
AOI-0049,2020-05-28,0.8183766732502998
AOI-0049,2020-06-05,0.8331915730519459
AOI-0049,2020-07-15,0.2068801686443995
AOI-0049,2020-07-31,0.1376792560963271
AOI-0049,2020-08-13,0.1293940819812902
AOI-0049,2020-08-15,0.1586435558437005
AOI-0049,2020-08-31,0.1699424016454439
AOI-0049,2020-09-02,0.1422390619266341
AOI-0049,2020-09-13,0.2325071300573546
AOI-0049,2020-09-27,0.1301402512536364
AOI-0049,2020-10-07,0.1459793336704017
AOI-0049,2021-04-23,0.4050023689102597
AOI-0049,2021-06-09,0.6476296783876005
AOI-0049,2021-07-18,0.7904877347154976
AOI-0049,2021-07-19,0.7875108318918418
AOI-0049,2021-07-24,0.7950241281431463
AOI-0049,2021-08-08,0.6805832777753358
AOI-0049,2021-09-27,0.207953932758789
AOI-0049,2021-09-28,0.2982870603898623
AOI-0049,2022-06-24,0.3770514906785729
AOI-0049,2022-07-13,0.2503920876804761
AOI-0049,2022-08-28,0.150760158765344
AOI-0049,2022-08-30,0.1814564471950242
AOI-0049,2022-09-06,0.1949261256684011
AOI-0049,2022-09-14,0.2059490479300466
AOI-0049,2022-10-08,0.2218095824923366
AOI-0049,2023-06-22,0.4737707103711538
AOI-0049,2023-06-23,0.4640105575261157
AOI-0049,2023-07-15,0.2476555971521726
AOI-0049,2023-07-23,0.2498740695089755
AOI-0049,2023-08-08,0.3064633941078845
AOI-0049,2023-08-24,0.3843689583232986
AOI-0049,2023-09-12,0.2412939157240705
AOI-0049,2023-09-14,0.2679670896647525
AOI-0049,2023-09-22,0.2064838164194429
AOI-0049,2023-10-02,0.1826489075955436
AOI-0049,2024-06-23,0.6325167284773904
AOI-0049,2024-08-17,0.3554501325339768
AOI-0049,2024-08-28,0.2912829605748782
AOI-0049,2024-09-16,0.1623599946660621
AOI-0049,2024-09-29,0.2090291335650334
AOI-0049,2024-10-01,0.1727575258826073
AOI-0054,2010-07-19,0.7575279159214134
AOI-0054,2010-09-06,0.611061378327488
AOI-0054,2010-09-30,0.5838467570993299
AOI-0054,2011-04-07,0.4490481105005556
AOI-0054,2011-05-09,0.7260765730148884
AOI-0054,2011-05-25,0.7939467603419941
AOI-0054,2011-05-27,0.8103424856875356
AOI-0054,2011-06-10,0.7857068281125843
AOI-0054,2011-06-20,0.8087059687265892
AOI-0054,2011-08-23,0.7377506443716975
AOI-0054,2011-10-16,0.6373402556330656
AOI-0054,2012-07-09,0.7815407981437079
AOI-0054,2012-07-16,0.7529310967479123
AOI-0054,2012-08-26,0.668818730092041
AOI-0054,2012-09-29,0.651276641054088
AOI-0054,2012-10-20,0.6527701249935466
AOI-0054,2013-08-21,0.7139839175822374
AOI-0054,2014-04-07,0.5778214401713987
AOI-0054,2014-05-09,0.8250901630675485
AOI-0054,2014-06-28,0.7967549528708334
AOI-0054,2014-07-28,0.7038605705804544
AOI-0054,2014-08-07,0.7299159289772733
AOI-0054,2014-08-08,0.727610885675261
AOI-0054,2014-08-13,0.6601519656456929
AOI-0054,2014-08-15,0.7142621905562525
AOI-0054,2014-10-11,0.6321605739762872
AOI-0054,2015-07-25,0.7934102307854047
AOI-0054,2015-08-26,0.6951989201387789
AOI-0054,2015-08-27,0.7180073963202565
AOI-0054,2015-08-29,0.6397423710337018
AOI-0054,2015-09-20,0.6699595977250021
AOI-0054,2015-10-06,0.5189249566481867
AOI-0054,2016-04-30,0.7837506654436039
AOI-0054,2016-07-03,0.8178104485384647
AOI-0054,2016-08-29,0.7826155202285409
AOI-0054,2016-09-29,0.677655518198059
AOI-0054,2017-05-03,0.7378664521021576
AOI-0054,2017-05-11,0.7896770218894584
AOI-0054,2017-05-19,0.8572708492298494
AOI-0054,2017-05-27,0.8503015844452828
AOI-0054,2017-06-10,0.8079826811345772
AOI-0054,2017-07-06,0.8128167424095536
AOI-0054,2017-09-01,0.5542264425546931
AOI-0054,2017-09-18,0.6763926796448242
AOI-0054,2017-09-24,0.6793631534960036
AOI-0054,2017-10-11,0.6242295372140605
AOI-0054,2018-04-04,0.3662645773478726
AOI-0054,2018-04-21,0.6088152747358027
AOI-0054,2018-04-28,0.7315479666019282
AOI-0054,2018-04-29,0.7401398205824318
AOI-0054,2018-05-01,0.7598199253666436
AOI-0054,2018-05-11,0.8235482354981072
AOI-0054,2018-06-15,0.750371052209956
AOI-0054,2018-06-16,0.7474060986899648
AOI-0054,2018-07-09,0.7399990179044111
AOI-0054,2018-09-12,0.6662367262968745
AOI-0054,2018-10-13,0.6640853108639728
AOI-0054,2018-10-29,0.5571731168589072
AOI-0054,2019-04-07,0.5523601355409018
AOI-0054,2019-05-25,0.8407324551947267
AOI-0054,2019-05-31,0.8325553249853062
AOI-0054,2019-06-15,0.8608906859853005
AOI-0054,2019-06-18,0.8331623977545232
AOI-0054,2019-06-27,0.8117366776542934
AOI-0054,2019-07-04,0.785323611880248
AOI-0054,2019-07-05,0.8103563582709741
AOI-0054,2019-07-12,0.7667834322386855
AOI-0054,2019-07-28,0.7716903395584018
AOI-0054,2019-07-29,0.8247434929972535
AOI-0054,2019-08-14,0.8059369445949316
AOI-0054,2019-08-29,0.6913496596620662
AOI-0054,2019-08-30,0.7324125413053655
AOI-0054,2019-09-15,0.6141814466604671
AOI-0054,2019-10-09,0.7121694008185515
AOI-0054,2020-04-02,0.522050268857942
AOI-0054,2020-04-09,0.4753473202570991
AOI-0054,2020-04-10,0.4712845706327527
AOI-0054,2020-04-22,0.635077401332298
AOI-0054,2020-04-30,0.7023815494868059
AOI-0054,2020-05-11,0.7730505789843523
AOI-0054,2020-05-30,0.6893613867410617
AOI-0054,2020-06-28,0.7953382194000022
AOI-0054,2020-08-03,0.7332452288415494
AOI-0054,2020-09-07,0.7312665453227687
AOI-0054,2020-09-09,0.7507218966019726
AOI-0054,2020-10-17,0.4156249424838386
AOI-0054,2020-10-27,0.4189022180031601
AOI-0054,2021-04-29,0.6880260555119341
AOI-0054,2021-05-09,0.7765103903155354
AOI-0054,2021-05-20,0.6975239425160547
AOI-0054,2021-06-16,0.8130094475841638
AOI-0054,2021-07-02,0.7673221376319811
AOI-0054,2021-07-18,0.7805887549897026
AOI-0054,2021-07-24,0.7946348080210541
AOI-0054,2021-09-07,0.7438040644029837
AOI-0054,2021-10-16,0.5765423431656221
AOI-0054,2021-10-22,0.5770510110770408
AOI-0054,2021-10-30,0.6316320494916862
AOI-0054,2022-06-03,0.8718063717209078
AOI-0054,2022-06-10,0.8149907826768701
AOI-0054,2022-06-26,0.7900499041643383
AOI-0054,2022-07-12,0.7334345620306737
AOI-0054,2022-07-29,0.7728549910381374
AOI-0054,2022-08-06,0.7931704668906472
AOI-0054,2022-08-18,0.7550304212850949
AOI-0054,2022-08-29,0.6411210699797643
AOI-0054,2023-04-07,0.6461057658958471
AOI-0054,2023-04-23,0.7702722143308144
AOI-0054,2023-05-28,0.8045211496100412
AOI-0054,2023-06-10,0.7850740929967357
AOI-0054,2023-06-22,0.8383925461246182
AOI-0054,2023-07-07,0.7353696176653777
AOI-0054,2023-09-07,0.71857741475054
AOI-0054,2023-10-11,0.7135216154266015
AOI-0054,2024-04-04,0.5874014655733946
AOI-0054,2024-05-07,0.8571490706437166
AOI-0054,2024-05-08,0.8355187270079707
AOI-0054,2024-05-22,0.845227915548216
AOI-0054,2024-05-23,0.8623298606076764
AOI-0054,2024-06-24,0.8177124402735056
AOI-0054,2024-07-13,0.7432229576183191
AOI-0054,2024-07-18,0.7320626009631074
AOI-0054,2024-08-18,0.7821863526127985
AOI-0054,2024-09-16,0.7434577202207148
AOI-0054,2024-09-21,0.7313079848888089
AOI-0054,2024-09-29,0.6195238685500981
AOI-0054,2024-10-05,0.6637582569256182
AOI-0054,2024-10-30,0.5583549041582387
AOI-0057,2010-04-15,0.2227936915972311
AOI-0057,2010-04-30,0.28540913225069
AOI-0057,2010-05-01,0.3195799823341527
AOI-0057,2010-05-08,0.347428268544956
AOI-0057,2010-06-10,0.7166668121027943
AOI-0057,2010-07-27,0.6039002230113016
AOI-0057,2010-08-05,0.521896309902202
AOI-0057,2010-09-14,0.3403409583289881
AOI-0057,2011-05-25,0.8662377412126383
AOI-0057,2011-06-10,0.73751187606266
AOI-0057,2011-06-13,0.7702431297487312
AOI-0057,2011-07-07,0.3273856702073344
AOI-0057,2011-08-08,0.352186912421312
AOI-0057,2011-09-16,0.238107663822016
AOI-0057,2011-10-11,0.2314925556753037
AOI-0057,2012-07-16,0.8126755827807145
AOI-0057,2012-09-18,0.1991678786930655
AOI-0057,2013-04-07,0.708820660381774
AOI-0057,2013-09-14,0.3341113127201469
AOI-0057,2013-09-22,0.2455348030979224
AOI-0057,2014-04-17,0.4398320785101558
AOI-0057,2014-04-18,0.4705803272376709
AOI-0057,2014-04-25,0.5904950501320217
AOI-0057,2014-05-09,0.8215518255764648
AOI-0057,2014-06-05,0.7728507738532386
AOI-0057,2014-07-15,0.2698698503690002
AOI-0057,2014-07-23,0.2786557768849623
AOI-0057,2014-08-16,0.224608378717767
AOI-0057,2014-08-23,0.2124432825495397
AOI-0057,2014-10-02,0.2158922173884905
AOI-0057,2014-10-11,0.2214685681001961
AOI-0057,2014-10-16,0.2866942978995846
AOI-0057,2015-05-25,0.8812968042224625
AOI-0057,2015-10-30,0.1951894287512494
AOI-0057,2016-05-08,0.8612500079020984
AOI-0057,2016-06-26,0.3622473456362376
AOI-0057,2016-07-28,0.3393061829113594
AOI-0057,2016-08-12,0.4477178532209852
AOI-0057,2017-05-04,0.2728607922070423
AOI-0057,2017-05-06,0.3162879446033504
AOI-0057,2017-06-10,0.8013093234083768
AOI-0057,2017-07-30,0.790031828168949
AOI-0057,2017-08-08,0.7849327550513712
AOI-0057,2017-09-01,0.4669460926949019
AOI-0057,2017-09-14,0.4068138211640827
AOI-0057,2017-09-17,0.401396939740946
AOI-0057,2017-09-25,0.2936153721089544
AOI-0057,2018-04-11,0.6556883152593879
AOI-0057,2018-05-06,0.8752799883990716
AOI-0057,2018-07-18,0.2327991937988387
AOI-0057,2018-08-02,0.2389493958335567
AOI-0057,2018-08-19,0.187050237859155
AOI-0057,2018-08-26,0.2093805757730082
AOI-0057,2018-10-29,0.2180122146206655
AOI-0057,2019-04-11,0.1901586050589414
AOI-0057,2019-04-21,0.2329040492191606
AOI-0057,2019-05-01,0.3022486689213409
AOI-0057,2019-05-02,0.3732383916769402
AOI-0057,2019-05-06,0.3245702770759711
AOI-0057,2019-07-05,0.7295423379839401
AOI-0057,2019-07-20,0.597238392319174
AOI-0057,2019-08-05,0.371150133538901
AOI-0057,2019-08-21,0.2378178962128755
AOI-0057,2019-08-24,0.1756541492819189
AOI-0057,2019-09-23,0.1036795576864735
AOI-0057,2019-10-13,0.1801759155829366
AOI-0057,2019-10-25,0.2177061068402193
AOI-0057,2020-04-17,0.1903903239882029
AOI-0057,2020-08-15,0.1723129742906676
AOI-0057,2020-08-23,0.1466653275677081
AOI-0057,2020-09-09,0.1817716709365444
AOI-0057,2020-09-13,0.2412363401678266
AOI-0057,2020-09-25,0.1685008361160018
AOI-0057,2020-09-27,0.1398019966419175
AOI-0057,2020-09-29,0.2183718483079893
AOI-0057,2020-10-03,0.1665771670791819
AOI-0057,2021-04-15,0.5261783066638867
AOI-0057,2021-06-19,0.7794807275763745
AOI-0057,2021-08-13,0.3276090548132848
AOI-0057,2021-09-04,0.4176009906020125
AOI-0057,2022-05-27,0.5728859368921542
AOI-0057,2022-06-26,0.3299615244243425
AOI-0057,2022-06-29,0.2510375649929912
AOI-0057,2022-07-09,0.1883692409286279
AOI-0057,2022-07-12,0.2867947711104062
AOI-0057,2022-07-28,0.2959424834980428
AOI-0057,2022-08-03,0.1528107768424431
AOI-0057,2022-08-13,0.2196733112087922
AOI-0057,2022-08-18,0.1942340812432994
AOI-0057,2022-09-14,0.2129391269536576
AOI-0057,2022-10-17,0.2904355874913852
AOI-0057,2023-04-26,0.8702718113715029
AOI-0057,2023-05-04,0.8700291620510181
AOI-0057,2023-06-26,0.4218313644702889
AOI-0057,2023-07-12,0.4422097534478916
AOI-0057,2023-07-15,0.3241908616219916
AOI-0057,2023-08-23,0.41318554694047
AOI-0057,2023-09-10,0.273794258598425
AOI-0057,2024-05-04,0.3641732434353418
AOI-0057,2024-05-06,0.4665666175438446
AOI-0057,2024-05-07,0.4383500076508765
AOI-0057,2024-05-22,0.6518571197753464
AOI-0057,2024-06-08,0.7511205897896206
AOI-0057,2024-06-16,0.794670856135282
AOI-0057,2024-06-24,0.7298429910699364
AOI-0057,2024-07-18,0.4033676586886386
AOI-0057,2024-07-28,0.357135701446153
AOI-0057,2024-09-13,0.2217345079765733
AOI-0066,2010-07-13,0.6925439563586218
AOI-0066,2011-05-25,0.8059342494063928
AOI-0066,2012-04-13,0.5305283474779825
AOI-0066,2012-07-11,0.3714226935404191
AOI-0066,2012-07-27,0.2747980507901773
AOI-0066,2012-09-20,0.256792499666561
AOI-0066,2012-10-06,0.3687956109480548
AOI-0066,2012-10-22,0.4521044363248303
AOI-0066,2013-05-09,0.4076387331524008
AOI-0066,2013-05-25,0.5481705544368847
AOI-0066,2013-06-19,0.624123600623143
AOI-0066,2013-09-23,0.216118131952539
AOI-0066,2013-10-09,0.240510932679718
AOI-0066,2014-04-03,0.5513802596344576
AOI-0066,2014-10-04,0.4075410681551125
AOI-0066,2015-04-06,0.6873113053743181
AOI-0066,2015-06-01,0.8335652859368747
AOI-0066,2015-07-27,0.3334775462238363
AOI-0066,2015-07-28,0.3554322888722233
AOI-0066,2015-09-29,0.2387815608988098
AOI-0066,2016-05-08,0.8332443787760556
AOI-0066,2016-06-03,0.7780254105876383
AOI-0066,2016-06-19,0.4184332935560431
AOI-0066,2016-06-27,0.2806336383693383
AOI-0066,2016-07-11,0.3527406458672012
AOI-0066,2016-08-12,0.3523413678759651
AOI-0066,2016-08-22,0.2761150764748031
AOI-0066,2017-05-09,0.8707104254188711
AOI-0066,2017-06-10,0.8165075411283667
AOI-0066,2017-08-13,0.2478287112821026
AOI-0066,2017-08-21,0.1481143194793625
AOI-0066,2018-05-09,0.5929050674415612
AOI-0066,2018-06-01,0.7447460169211704
AOI-0066,2018-07-02,0.7930839618457387
AOI-0066,2018-09-05,0.2335904363558677
AOI-0066,2018-10-08,0.189364008677558
AOI-0066,2018-10-13,0.1980190665860449
AOI-0066,2019-04-07,0.7264561837525689
AOI-0066,2019-04-28,0.8119775022857796
AOI-0066,2019-05-11,0.7643927705803847
AOI-0066,2019-06-20,0.3681314458475122
AOI-0066,2019-07-02,0.1991450265716332
AOI-0066,2019-07-14,0.2318632685343279
AOI-0066,2019-08-11,0.1959346901172085
AOI-0066,2019-08-29,0.2151108862501929
AOI-0066,2019-10-15,0.57230941860133
AOI-0066,2019-10-18,0.6121428567668814
AOI-0066,2020-05-08,0.8396557543044125
AOI-0066,2020-05-24,0.7098561663729217
AOI-0066,2020-05-30,0.5639030664443079
AOI-0066,2020-06-11,0.5031109651015179
AOI-0066,2020-07-11,0.2571678476297531
AOI-0066,2020-07-27,0.2839685193338083
AOI-0066,2020-08-09,0.1917627317455661
AOI-0066,2020-08-15,0.1683653692695551
AOI-0066,2020-09-07,0.1331255193781637
AOI-0066,2021-05-12,0.2449131529811744
AOI-0066,2021-08-05,0.6551315449596393
AOI-0066,2021-08-20,0.3965395194268309
AOI-0066,2021-08-23,0.3643016018200642
AOI-0066,2021-09-27,0.1854937852733189
AOI-0066,2021-10-16,0.2622512351036716
AOI-0066,2021-10-27,0.2130230702468724
AOI-0066,2022-04-23,0.8161747438775089
AOI-0066,2022-04-25,0.7956313383982281
AOI-0066,2022-05-30,0.8677206272456708
AOI-0066,2022-06-04,0.8521301965798403
AOI-0066,2022-07-12,0.2850596466456399
AOI-0066,2022-07-21,0.1794750030152971
AOI-0066,2022-07-22,0.2153586709460569
AOI-0066,2022-08-23,0.2034304573984457
AOI-0066,2022-09-08,0.199987508008542
AOI-0066,2022-09-09,0.1601510025625629
AOI-0066,2022-09-18,0.1555897706294826
AOI-0066,2022-09-27,0.1695450487027733
AOI-0066,2022-09-29,0.1408141054747873
AOI-0066,2022-10-02,0.1752409239717262
AOI-0066,2022-10-07,0.183265398608517
AOI-0066,2022-10-18,0.2180028944473701
AOI-0066,2022-10-22,0.1783024866664933
AOI-0066,2023-04-04,0.2998591709824174
AOI-0066,2023-04-07,0.4891750585263419
AOI-0066,2023-05-15,0.8073315201253551
AOI-0066,2023-06-07,0.8320377643623893
AOI-0066,2023-06-10,0.7922803911858987
AOI-0066,2023-06-11,0.8272490396056629
AOI-0066,2023-06-26,0.4649001774484357
AOI-0066,2023-07-04,0.2355350798192571
AOI-0066,2023-07-26,0.3713262559193084
AOI-0066,2023-08-08,0.2505964687222791
AOI-0066,2023-08-10,0.2433820899681813
AOI-0066,2023-08-13,0.2596383800795819
AOI-0066,2023-08-23,0.1747564935253985
AOI-0066,2023-09-07,0.1541983171186146
AOI-0066,2023-09-30,0.2535262212037872
AOI-0066,2023-10-13,0.2325275518731586
AOI-0066,2023-10-16,0.2599455752483146
AOI-0066,2024-04-06,0.7809627660457742
AOI-0066,2024-05-21,0.8936871740667582
AOI-0066,2024-06-17,0.4550178348522856
AOI-0066,2024-06-23,0.2775563859648571
AOI-0066,2024-06-28,0.2106874258373038
AOI-0066,2024-07-05,0.1481346216959169
AOI-0066,2024-07-19,0.1922146925076859
AOI-0066,2024-08-09,0.1487578346460789
AOI-0066,2024-09-26,0.1458888222128616
AOI-0072,2010-04-07,0.2968802670630578
AOI-0072,2010-08-13,0.2705448226134913
AOI-0072,2010-08-15,0.161532324752314
AOI-0072,2010-08-23,0.1882678872356143
AOI-0072,2010-08-30,0.20797769598948
AOI-0072,2011-04-07,0.287203153753318
AOI-0072,2011-05-05,0.2276067447920169
AOI-0072,2011-07-12,0.2548844251749261
AOI-0072,2011-07-24,0.1762205619377416
AOI-0072,2011-08-01,0.1769550585515204
AOI-0072,2011-09-03,0.1941210291809322
AOI-0072,2012-04-06,0.5204097804680168
AOI-0072,2012-10-15,0.1403382759163198
AOI-0072,2013-04-16,0.192639025744198
AOI-0072,2013-05-02,0.2042280585913987
AOI-0072,2013-05-19,0.277943348667084
AOI-0072,2013-07-29,0.2017149613726388
AOI-0072,2013-10-16,0.3640823377592976
AOI-0072,2014-04-23,0.6630791015614361
AOI-0072,2014-06-30,0.2558806511806569
AOI-0072,2014-07-17,0.228587620570633
AOI-0072,2014-07-24,0.2278938643262628
AOI-0072,2014-08-17,0.2170357684090951
AOI-0072,2014-08-29,0.273194825619231
AOI-0072,2014-09-03,0.2528657363085164
AOI-0072,2014-09-26,0.261282506668935
AOI-0072,2014-10-28,0.1769616947374544
AOI-0072,2014-10-29,0.2006458272303925
AOI-0072,2015-04-07,0.2194138219238687
AOI-0072,2015-04-23,0.265199701910181
AOI-0072,2015-08-04,0.1822968255050049
AOI-0072,2016-04-06,0.7993286247021945
AOI-0072,2016-04-09,0.7517772688326774
AOI-0072,2016-04-17,0.7985739215584152
AOI-0072,2016-05-26,0.7688663130743897
AOI-0072,2016-06-27,0.2600807612003101
AOI-0072,2016-07-13,0.2150913499818823
AOI-0072,2016-08-22,0.2787460663751294
AOI-0072,2016-09-29,0.2976113629745112
AOI-0072,2017-04-03,0.1701698864586815
AOI-0072,2017-04-23,0.273708943758992
AOI-0072,2017-05-29,0.2013541731794337
AOI-0072,2017-05-30,0.2185421164108201
AOI-0072,2017-07-12,0.2119844835815362
AOI-0072,2017-07-24,0.1735809533279462
AOI-0072,2017-07-25,0.1545267392905242
AOI-0072,2017-08-06,0.1374424909400917
AOI-0072,2017-08-29,0.2366336764498852
AOI-0072,2017-09-03,0.1856392804172701
AOI-0072,2017-09-20,0.3358022402077589
AOI-0072,2017-09-26,0.4448962963049149
AOI-0072,2017-10-12,0.5995670162143716
AOI-0072,2018-04-07,0.5221079809977451
AOI-0072,2018-04-15,0.5913457889822423
AOI-0072,2018-05-01,0.7655020230744605
AOI-0072,2018-05-03,0.7573790149374162
AOI-0072,2018-06-07,0.3703370823710108
AOI-0072,2018-08-05,0.1976673484261918
AOI-0072,2018-08-28,0.1700129983526316
AOI-0072,2018-09-06,0.1751716620842017
AOI-0072,2018-09-22,0.1657284839570611
AOI-0072,2019-04-25,0.190034505516164
AOI-0072,2019-04-26,0.1777989077807737
AOI-0072,2019-05-04,0.2361269560963994
AOI-0072,2019-05-28,0.1857466791298137
AOI-0072,2019-06-12,0.1484167092867137
AOI-0072,2019-07-14,0.1621757475478084
AOI-0072,2019-07-17,0.1095680648661818
AOI-0072,2019-08-06,0.138150239794545
AOI-0072,2019-08-16,0.1571312504508078
AOI-0072,2019-09-09,0.2051289109855699
AOI-0072,2019-09-14,0.2814248889704583
AOI-0072,2019-09-17,0.19475250452593
AOI-0072,2019-09-30,0.434079898072487
AOI-0072,2019-10-15,0.6577587983616227
AOI-0072,2019-10-20,0.7115668869810641
AOI-0072,2019-10-27,0.6724920021781593
AOI-0072,2020-04-06,0.7345495132121361
AOI-0072,2020-04-27,0.6480965848465605
AOI-0072,2020-05-08,0.7554979655635994
AOI-0072,2020-05-24,0.738202242998296
AOI-0072,2020-06-30,0.2619707033264342
AOI-0072,2020-09-19,0.1105851612254963
AOI-0072,2020-09-24,0.1171541808493974
AOI-0072,2020-09-26,0.1294431457428815
AOI-0072,2020-10-05,0.1411266919329746
AOI-0072,2020-10-14,0.1315026618233989
AOI-0072,2020-10-21,0.1443441146555292
AOI-0072,2021-04-22,0.1572180964454855
AOI-0072,2021-07-11,0.1846817766727708
AOI-0072,2021-08-29,0.3254865621527147
AOI-0072,2022-04-10,0.176577851705889
AOI-0072,2022-04-26,0.2118212724414135
AOI-0072,2022-06-29,0.1673020184955649
AOI-0072,2022-07-15,0.1705193803944941
AOI-0072,2022-08-23,0.1752070875072769
AOI-0072,2022-08-27,0.1473739788963673
AOI-0072,2023-04-29,0.8111545910117601
AOI-0072,2023-06-25,0.2927818930510562
AOI-0072,2023-07-21,0.187347529635574
AOI-0072,2023-07-22,0.2074661011506759
AOI-0072,2023-07-26,0.1904904346137983
AOI-0072,2023-08-02,0.2087306408452757
AOI-0072,2023-08-03,0.2191718744699
AOI-0072,2023-08-05,0.1903764697652505
AOI-0072,2023-08-13,0.248636201041044
AOI-0072,2023-08-23,0.2483370456879273
AOI-0072,2023-09-19,0.2151830150972295
AOI-0072,2023-10-29,0.2347377697246288
AOI-0072,2024-04-01,0.1611791978416337
AOI-0072,2024-05-09,0.2304983933873665
AOI-0072,2024-05-21,0.1602126380150862
AOI-0072,2024-06-09,0.2419663255926053
AOI-0072,2024-06-30,0.1341543650344167
AOI-0072,2024-07-11,0.1901997907732004
AOI-0072,2024-07-25,0.1330016012417023
AOI-0072,2024-08-20,0.174443411322491
AOI-0072,2024-09-08,0.1352563690507899
AOI-0072,2024-09-22,0.190436734930608
AOI-0072,2024-09-30,0.1601769307193457
AOI-0078,2010-04-15,0.1979226297266788
AOI-0078,2010-05-01,0.3262794760821231
AOI-0078,2010-06-09,0.6840766094811715
AOI-0078,2010-07-04,0.4409814948361525
AOI-0078,2011-04-01,0.169565708920194
AOI-0078,2011-07-06,0.7945431357389128
AOI-0078,2011-08-08,0.6535910380677841
AOI-0078,2011-08-13,0.5676456469478706
AOI-0078,2011-09-14,0.4855405238456934
AOI-0078,2011-09-17,0.3883500825006236
AOI-0078,2011-09-24,0.3601539244233644
AOI-0078,2012-06-07,0.6423183102686949
AOI-0078,2012-09-27,0.3057970249943422
AOI-0078,2012-10-04,0.2584652894412203
AOI-0078,2013-04-03,0.2177172905885112
AOI-0078,2013-07-11,0.3736086359567719
AOI-0078,2013-07-28,0.4850837881517378
AOI-0078,2013-08-29,0.4060983358131778
AOI-0078,2013-10-16,0.3973810285964939
AOI-0078,2014-06-26,0.8385490010628502
AOI-0078,2014-07-31,0.7023584268021166
AOI-0078,2015-07-01,0.421088021780409
AOI-0078,2015-09-11,0.2141587948380506
AOI-0078,2016-04-22,0.3894423738783421
AOI-0078,2016-07-04,0.7974222441674607
AOI-0078,2016-09-22,0.5441646034129384
AOI-0078,2016-10-24,0.3093978795508001
AOI-0078,2017-04-29,0.2323763547457946
AOI-0078,2017-05-03,0.2696201137943749
AOI-0078,2017-05-06,0.242027745526815
AOI-0078,2017-05-09,0.491516921377958
AOI-0078,2017-09-30,0.3262363599315998
AOI-0078,2018-06-07,0.7520112157604533
AOI-0078,2018-06-18,0.5484566268229425
AOI-0078,2018-07-10,0.2397078771147514
AOI-0078,2018-08-10,0.380317443204068
AOI-0078,2018-09-12,0.2540678162342737
AOI-0078,2018-09-28,0.2083516513687361
AOI-0078,2018-10-01,0.2381525245606997
AOI-0078,2018-10-14,0.2247084661883013
AOI-0078,2019-04-07,0.2675043826858873
AOI-0078,2019-04-23,0.2393953881764018
AOI-0078,2019-05-06,0.1869233513356074
AOI-0078,2019-05-16,0.2850525009144471
AOI-0078,2019-05-24,0.3184299075345995
AOI-0078,2019-06-02,0.5611969078209221
AOI-0078,2019-06-10,0.6815023862708918
AOI-0078,2019-06-13,0.6514246725410235
AOI-0078,2019-06-25,0.679813710227253
AOI-0078,2019-07-04,0.621265764247482
AOI-0078,2019-07-23,0.7096522563871877
AOI-0078,2019-07-28,0.7402165630510853
AOI-0078,2019-08-07,0.8241135466907714
AOI-0078,2019-08-09,0.8183458690420244
AOI-0078,2019-08-21,0.8695179823059083
AOI-0078,2019-08-29,0.8031185302436601
AOI-0078,2019-09-13,0.7701242502817744
AOI-0078,2019-09-28,0.4513776463960888
AOI-0078,2019-10-16,0.4197679456653428
AOI-0078,2020-04-05,0.1765619642716833
AOI-0078,2020-04-06,0.2964844217150383
AOI-0078,2020-04-23,0.3667898972861334
AOI-0078,2020-05-19,0.8868919374351923
AOI-0078,2020-06-12,0.8750826923149382
AOI-0078,2020-06-28,0.3938741728744831
AOI-0078,2020-07-24,0.1653109577031515
AOI-0078,2020-08-06,0.1843416740711549
AOI-0078,2020-08-08,0.1727607581662983
AOI-0078,2020-08-12,0.3049553316977043
AOI-0078,2020-09-08,0.1621343294421901
AOI-0078,2020-09-15,0.1124108858009709
AOI-0078,2020-09-24,0.1412752036475484
AOI-0078,2020-09-25,0.1672272407200722
AOI-0078,2020-10-15,0.1993078011075322
AOI-0078,2020-10-22,0.128768648406977
AOI-0078,2020-10-26,0.1490787197983794
AOI-0078,2021-04-10,0.1553294915290757
AOI-0078,2021-05-14,0.3070699581661434
AOI-0078,2021-05-15,0.2623505978832325
AOI-0078,2021-05-25,0.5526413507176874
AOI-0078,2021-06-17,0.7781277519113973
AOI-0078,2021-06-22,0.7664388253155764
AOI-0078,2021-06-23,0.7984143036149693
AOI-0078,2021-06-26,0.7712612132802231
AOI-0078,2021-07-09,0.6813378024777881
AOI-0078,2021-08-01,0.5333215042254777
AOI-0078,2021-08-21,0.4237531028687917
AOI-0078,2021-08-29,0.5820558508026845
AOI-0078,2021-09-03,0.5982050923278143
AOI-0078,2021-09-15,0.5190394610135458
AOI-0078,2021-10-27,0.2786142634195663
AOI-0078,2021-10-30,0.3141095023194902
AOI-0078,2022-04-07,0.3717993057283929
AOI-0078,2022-05-03,0.6324711223719198
AOI-0078,2022-06-19,0.7240067717379783
AOI-0078,2022-06-27,0.5392542721214127
AOI-0078,2022-07-17,0.233883953643513
AOI-0078,2022-07-24,0.198407115130736
AOI-0078,2022-08-01,0.2017470301092137
AOI-0078,2022-09-17,0.1957369957643293
AOI-0078,2022-09-20,0.2906297289686796
AOI-0078,2022-10-01,0.4054654766079862
AOI-0078,2022-10-08,0.4097156899839452
AOI-0078,2022-10-15,0.5014715885530615
AOI-0078,2023-05-12,0.8414482579618109
AOI-0078,2023-06-02,0.8600182462423149
AOI-0078,2023-07-02,0.484206023240687
AOI-0078,2023-07-31,0.2461738190551349
AOI-0078,2023-08-03,0.1865576942788283
AOI-0078,2023-08-29,0.3339582187742794
AOI-0078,2023-09-29,0.1766779960523813
AOI-0078,2023-10-03,0.1838933379254836
AOI-0078,2024-04-04,0.2415322977365054
AOI-0078,2024-04-13,0.238998049360232
AOI-0078,2024-04-14,0.2199346240828114
AOI-0078,2024-04-22,0.4310939984158496
AOI-0078,2024-05-04,0.4454260212612049
AOI-0078,2024-05-06,0.498176022356164
AOI-0078,2024-05-17,0.5854312513701803
AOI-0078,2024-05-19,0.5619253199350561
AOI-0078,2024-05-29,0.6457355556955438
AOI-0078,2024-06-09,0.6264991533186404
AOI-0078,2024-06-25,0.4199378937902774
AOI-0078,2024-07-08,0.2287377348687017
AOI-0078,2024-07-13,0.2411033507359032
AOI-0078,2024-07-17,0.279544708622776
AOI-0078,2024-07-25,0.3040340416653332
AOI-0078,2024-08-18,0.288413956060546
AOI-0078,2024-08-26,0.2413711338014985
AOI-0078,2024-09-21,0.195194063491765
AOI-0078,2024-10-22,0.2369078916135142
AOI-0078,2024-10-30,0.1722777485636886
