name,RMSE,RMSE_clean,MAE,MedAE,within_0.05,bias,n,secs,cfg,f0,f1,f2,f3
baseline,0.07841309897449623,0.07003408596636873,0.04706039485055562,0.030975399061378917,67.97286070340625,-0.000978256177610984,7222,70.3,{},0.06639675043369432,0.07251575649133264,0.0894731045660071,0.08410793205670646
resid_whittaker,0.07931970240447843,0.07110060090989262,0.04779950625064667,0.03155515131003753,67.50207698698422,0.000231603056503692,7222,79.8,"{""target"": ""resid_whittaker""}",0.06611783958458783,0.07536269555841764,0.09002575783342623,0.08457452515198442
resid_savgol,0.0790471766963981,0.07066987298115412,0.0479474359770906,0.03197687795355736,67.46053724729991,-0.0007362487750134798,7222,81.1,"{""target"": ""resid_savgol""}",0.06624818977876033,0.07348688850276425,0.09002491703551861,0.08531445779513117
resid_lin,0.07951791505292265,0.07123794418146624,0.04805681080461215,0.03163464050422825,67.52977014677374,4.709386014467176e-05,7222,79.7,"{""target"": ""resid_lin""}",0.06663390109452635,0.07543459170127526,0.09034926869578161,0.08441301828097013
drop_broken,0.07867052818656331,0.07027903390536396,0.04719476792218496,0.03137815341934509,68.24979230130158,-0.0009746374307696336,7222,76.5,"{""drop_broken"": true}",0.06669082825983169,0.07255258826317243,0.08981096812371146,0.08446610185157784
resid_whit_drop,0.07894204420374863,0.07078634530698116,0.04776010803520374,0.03174322137642806,67.72362226530048,-0.00029600340365896886,7222,78.2,"{""target"": ""resid_whittaker"", ""drop_broken"": true}",0.06603627626121351,0.07484679709376783,0.08923901406264013,0.08463064473165613
huber,0.07864484100495367,0.07032371409890599,0.04714698962390121,0.030995392934010296,68.08363334256438,1.0971670821609599e-05,7222,73.0,"{""params"": {""objective"": ""huber"", ""alpha"": 0.3}}",0.06661308438243588,0.073085703619648,0.08958140118517732,0.08416148972683267
fair,0.07835887546995478,0.07000160395756828,0.046793411310444274,0.030467641855305233,68.87288839656604,-0.00031815218561925975,7222,75.5,"{""params"": {""objective"": ""fair""}}",0.06606534367869488,0.07300955191044849,0.08902006800809782,0.08430064492781633
mae,0.07920890000069994,0.0709333533112912,0.046060400088909284,0.029016748511913965,70.29908612572694,0.0016604662408319871,7222,75.4,"{""params"": {""objective"": ""regression_l1""}}",0.06849343890282573,0.07411825638424643,0.08930575628135948,0.08402882519750254
lr02_2500,0.07851865491286297,0.07012908767083886,0.04709025165311346,0.030580321845831634,68.37441152035447,-0.0009207130909749831,7222,169.8,"{""params"": {""learning_rate"": 0.02}, ""n_estimators"": 2500}",0.06603506847588686,0.07264367533475569,0.08954255257432493,0.08472904417391369
lr08_700,0.07960707262171238,0.07122573456058422,0.047871278940144604,0.03178477518090897,67.86208806424813,6.451513703675334e-05,7222,470.4,"{""params"": {""learning_rate"": 0.08}, ""n_estimators"": 700}",0.06672703204499658,0.07454041924722463,0.0905003665432886,0.08554132239568105
v2_baseline,0.07666701376159438,0.06798208174118926,0.045435848973015044,0.029358976392938475,69.56521739130434,0.0003010881479774959,7222,977.9,{},0.0645383110479432,0.06879407346553577,0.0885148100129274,0.08344190240488712
v2_fair,0.07640122657237522,0.06777401689761854,0.04526319068531431,0.028953106881245583,69.56521739130434,0.0004180654396014859,7222,94.8,"{""params"": {""objective"": ""fair""}}",0.06393483730639143,0.06880719656315354,0.08838667958847019,0.08300994704708123
v2_drop_broken,0.0764273042142423,0.06792871048065934,0.04523495015711945,0.0288698704641438,69.63445029077818,0.0005417805047904936,7222,85.7,"{""drop_broken"": true}",0.0644694098447253,0.06906995658769773,0.08813207872769745,0.08266755756384303
v2_fair_drop,0.07641966707309289,0.06777282904524144,0.04519112902318661,0.02905886670493768,70.14677374688452,0.0006395921068483063,7222,94.8,"{""params"": {""objective"": ""fair""}, ""drop_broken"": true}",0.06449369548201525,0.06877326590131902,0.08822253539874951,0.08279763220987456
v2_lr02,0.07631014913583443,0.06758858008398914,0.04501269035391078,0.029052986353840113,70.24369980614789,0.0005999819780299327,7222,180.3,"{""params"": {""learning_rate"": 0.02}, ""n_estimators"": 2500}",0.06386144479416284,0.06839074991482334,0.08830981161207269,0.08322630517186703
v2_leaves127,0.07676450320347002,0.06815145146864143,0.04530411319459498,0.029406542507994876,69.7867626696206,0.00035801456358192514,7222,165.3,"{""params"": {""num_leaves"": 127}}",0.06438915734657712,0.06924838195436071,0.08853281700474912,0.08352599618985489
v2_ff05,0.07686351126721291,0.06819256240249733,0.04552028894515017,0.02960382464956507,69.67599003046247,0.0008890685374818169,7222,61.5,"{""params"": {""feature_fraction"": 0.5}}",0.06469460438370576,0.06893580350839111,0.08868223106963805,0.08378820668234671
v2_mindata15,0.07644963546667377,0.0679046458070695,0.04531079975299736,0.029046105385565305,69.96676820825256,0.0008380556821440005,7222,86.1,"{""params"": {""min_data_in_leaf"": 15}}",0.06454340798937244,0.06897762719197224,0.08803575599909459,0.08293438848990052
v2_split_gap16,0.077606180789943,0.06905189140128845,0.045971114223961544,0.029633849970942663,69.052893935198,0.0006063684991838648,7222,135.4,"{""split_gap"": 16}",0.06487849061355885,0.06986960649645713,0.09046922317418589,0.08339954254181617
v2_w_gap,0.07693087710458842,0.06832662853313842,0.0458801826582691,0.029959541647206822,69.39905843256714,0.0003780873002894268,7222,98.6,"{""weight"": ""gap""}",0.06454463769751807,0.06957552343995466,0.08860343378833666,0.08367470677002353
v3_baseline,0.07656573346659361,0.06785903231463723,0.04528937668029583,0.029247301977590137,69.81445582941014,0.001197778392863248,7222,95.6,{},0.06452438741336022,0.06904151007374444,0.08807908538689742,0.08335536987122578
v3_lr02,0.07612740147694425,0.06738199572973322,0.04472935376533282,0.028410241176400966,70.22985322625311,0.0011244845923356146,7222,204.3,"{""params"": {""learning_rate"": 0.02}, ""n_estimators"": 2500}",0.0642504539604709,0.06877245288370896,0.08775898756459971,0.0823765392847738
v3_lr02_fair,0.07595327622860483,0.06716400744018809,0.04460616696884007,0.028591665773026936,70.28523954583218,0.0010017046702564198,7222,221.8,"{""params"": {""learning_rate"": 0.02, ""objective"": ""fair""}, ""n_estimators"": 2500}",0.0639892718337352,0.06826934917120342,0.08754885538805772,0.08269311591096898
v3_lr02_drop,0.07625905889275916,0.06752594080618346,0.04490188090572353,0.028879712359041132,70.42370534477985,0.001053393378645371,7222,211.1,"{""params"": {""learning_rate"": 0.02}, ""n_estimators"": 2500, ""drop_broken"": true}",0.06454512000639692,0.06874652584589534,0.08752131889206963,0.0830503522456277
v3_lr015,0.07627154195763908,0.06749315406419153,0.04483719982553142,0.02865077812853631,69.64829687067294,0.0011682072915206326,7222,268.4,"{""params"": {""learning_rate"": 0.015}, ""n_estimators"": 3500}",0.06437906075490381,0.0687480974457733,0.08773675924607095,0.08296589621990887
v3_lr02_md15,0.07604905540978019,0.06731044210044046,0.04473848959426103,0.028538391819019987,70.32677928551647,0.0014087345598580254,7222,210.4,"{""params"": {""learning_rate"": 0.02, ""min_data_in_leaf"": 15}, ""n_estimators"": 2500}",0.06429570081249128,0.06846226443401399,0.08760532295207073,0.08252847076316834
v3_abl_no_analog,0.07655511531577708,0.06796508224464907,0.04535504742283979,0.02924738354120006,69.77291608972584,0.00039977716755575674,7222,94.8,"{""drop_features"": [""analog""]}",0.06511103488894408,0.06875086134973848,0.08783630036318187,0.08336608377454548
v3_abl_no_date,0.07814234719368518,0.0696868751924853,0.04692465883304343,0.03177810401204867,68.49903073940736,-0.0003640242777731116,7222,87.0,"{""drop_features"": [""date_anom"", ""clim_plus_date""]}",0.0657845200611892,0.07251341136379393,0.08817060271837192,0.0853583229612822
v3_abl_no_harm,0.07631694838187421,0.06760393855906364,0.04516806123497089,0.029351281565225276,69.85599556909443,0.0010184459150826533,7222,91.7,"{""drop_features"": [""harm""]}",0.06474221814104134,0.06914798715180179,0.08805488387770646,0.08190050070362104
v3_abl_no_smoothers,0.07652432610829765,0.06776575209938057,0.045170798989462135,0.028977412628287985,70.06369426751591,0.0005556633908345972,7222,88.2,"{""drop_features"": [""sm_"", ""whit_scale""]}",0.0647756360463588,0.0688656282071927,0.08787438111937668,0.08339239695472755
v3_abl_no_weather,0.0769341222129321,0.0682074842458861,0.04533564792043521,0.02954246733049909,70.14677374688452,0.001185003138278173,7222,81.6,"{""drop_features"": [""temp_"", ""precip_"", ""gdd"", ""dry_"", ""heat_""]}",0.06528009220474205,0.0698070572001133,0.08797972125582934,0.08358238258390022
v3_abl_no_sensors,0.07866282734558096,0.07021102331197386,0.04806121784923175,0.03195005099799558,66.90667405150927,0.001760701300100436,7222,84.2,"{""drop_features"": [""s2_"", ""landsat_"", ""modis_"", ""sensor_""]}",0.0667081267166902,0.0710329160520297,0.09034311882102204,0.08531563426781132
v4_noharm,0.07641037545435038,0.06774409464509998,0.04505793004859562,0.028796491081777578,70.09138742730545,0.000802293019558687,7222,188.3,"{""drop_features"": [""harm""], ""params"": {""learning_rate"": 0.02}, ""n_estimators"": 2500}",0.06481333379473336,0.06891002048751269,0.08820437405094912,0.08230150132324658
v4_noharm_analog,0.07642539242236031,0.0677994163779341,0.04519720336170407,0.028973991872257673,69.66214345056771,0.0006237742324502924,7222,176.0,"{""drop_features"": [""harm"", ""analog""], ""params"": {""learning_rate"": 0.02}, ""n_estimators"": 2500}",0.06423640663100509,0.06885692583477968,0.08843476407998617,0.08268874219601688
v4_noharm_fair,0.07604109093629129,0.06721501183609215,0.044564043992127114,0.028493333939544244,70.36831902520078,0.001378520399930395,7222,203.7,"{""drop_features"": [""harm""], ""params"": {""learning_rate"": 0.02, ""objective"": ""fair""}, ""n_estimators"": 2500}",0.06441537702450206,0.0683029901234579,0.087775154959338,0.08229356258900755
v4_noharm_analog_fair,0.07618826368073382,0.06749207786021048,0.04492350735823126,0.029015584872860448,70.21600664635835,0.0005615673132678464,7222,923.6,"{""drop_features"": [""harm"", ""analog""], ""params"": {""learning_rate"": 0.02, ""objective"": ""fair""}, ""n_estimators"": 2500}",0.06372670575431334,0.06863143591359797,0.0883283055436603,0.08251766157992982
v4_lean_fair,0.07654877042868619,0.0678970256703099,0.04489476786866583,0.028511516571809184,70.17446690667406,0.0003689555906328223,7222,185.5,"{""drop_features"": [""harm"", ""analog"", ""sm_"", ""whit_scale""], ""params"": {""learning_rate"": 0.02, ""objective"": ""fair""}, ""n_estimators"": 2500}",0.06467678743004415,0.06926322266374582,0.08804253044490806,0.08293344092831863
v4_noharm_fair_md15,0.07600643561560094,0.06727447906014491,0.044727884551419954,0.028687516543509733,69.80060924951536,0.0005625519717687559,7222,211.1,"{""drop_features"": [""harm""], ""params"": {""learning_rate"": 0.02, ""objective"": ""fair"", ""min_data_in_leaf"": 15}, ""n_estimators"": 2500}",0.06411675713654809,0.06876240159635175,0.08768160370168818,0.08207975469620717
v4_noharm_fair_ff09,0.07637624447583094,0.0675908899208377,0.044898490963356526,0.028880149257010684,70.20216006646358,0.0009371208386822109,7222,231.2,"{""drop_features"": [""harm""], ""params"": {""learning_rate"": 0.02, ""objective"": ""fair"", ""feature_fraction"": 0.9}, ""n_estimators"": 2500}",0.0645705884223774,0.06887071930562831,0.08798183883073141,0.08276260739988697
v4_noharm_fair_l2_5,0.07628571694921134,0.06749289580819404,0.044852716729450216,0.028689727558107905,70.02215452783163,0.00098987641953259,7222,208.7,"{""drop_features"": [""harm""], ""params"": {""learning_rate"": 0.02, ""objective"": ""fair"", ""lambda_l2"": 5.0}, ""n_estimators"": 2500}",0.06434737744690733,0.0686863986272744,0.08810572338771913,0.08259525115774041
r15_lr02_fair,0.07543685672068985,0.06649004408313616,0.04421211968808415,0.028495019734859073,70.96372196067571,0.0005258671380425951,7222,254.7,"{""params"": {""learning_rate"": 0.02, ""objective"": ""fair""}, ""n_estimators"": 2500}",0.06329471168697764,0.06741796776476064,0.08775173091938855,0.08165054619046302
r15_lr02,0.07541084210715468,0.06640708199578944,0.04419402611781548,0.028360878779099305,70.76986984214899,0.00048122422284536557,7222,245.6,"{""params"": {""learning_rate"": 0.02}, ""n_estimators"": 2500}",0.0628588567546991,0.06763881802608897,0.08761266180839773,0.08194146434556912
r15_noharm_fair,0.07543659843240696,0.06643238613221604,0.04410560704144421,0.02804877004373464,70.57601772362226,0.0006189342920905593,7222,1430.1,"{""drop_features"": [""harm""], ""params"": {""learning_rate"": 0.02, ""objective"": ""fair""}, ""n_estimators"": 2500}",0.06310959490676814,0.06785735268022376,0.08777265427857739,0.0813334122603678
r15_baseline,0.0756849594453364,0.06675269445293258,0.0445143361486082,0.028653950800069286,70.25754638604265,0.0007829234239286847,7222,125.5,{},0.06297542116512478,0.06813091580889448,0.08792202047122433,0.08210072189836667
r25_lr02,0.0749000462909535,0.06582166365867877,0.04376705441747626,0.028026011384251884,71.22680697867627,0.0007757721622747916,7222,1334.6,"{""params"": {""learning_rate"": 0.02}, ""n_estimators"": 2500}",0.06202606500775397,0.06690276893299806,0.08747198623873206,0.0814334737988471
r25_lr02_2f,0.06449191278795725,0.06449191278795725,0.04152077227529058,0.02708314691060612,72.8612792840221,0.0005568620432106299,3799,1225.0,"{""params"": {""learning_rate"": 0.02}, ""n_estimators"": 2500}",0.06202606500775397,0.06690276893299806
r40_lr02_2f,0.06376553413710954,0.06376553413710954,0.04092064383540911,0.026651882857716136,73.80889707817848,1.4560714350152994e-05,3799,228.8,"{""params"": {""learning_rate"": 0.02}, ""n_estimators"": 2500}",0.06147359688768645,0.06601135945276745
r40_lr02,0.07452395556510594,0.06512080607017881,0.043214913256661415,0.027828966686567883,71.64220437551924,8.63958509631499e-05,7222,474.4,"{""params"": {""learning_rate"": 0.02}, ""n_estimators"": 2500}",0.06147359688768645,0.06601135945276745,0.08703318417840707,0.08185409062960781
r40_lr02_3seed,0.06368445127519999,0.06368445127519999,0.040935056107416844,0.02659044215531514,73.88786522769149,-0.0002911907995896112,3799,690.5,"{""params"": {""learning_rate"": 0.02}, ""n_estimators"": 2500}",0.0613623427249607,0.06595869032069059
