cell_id,date,era5_temp_c,era5_precip_mm
39.5_47.0,2024-04-01,15.274308776855491,8.52346317969932E-4
39.6_47.1,2024-04-01,15.317440287272177,8.52346317969932E-4
39.7_47.0,2024-04-01,15.210099792480491,8.52346317969932E-4
39.9_48.9,2024-04-01,14.514624532063806,8.52346317969932E-4
40.0_48.8,2024-04-01,14.281388854980491,8.52346317969932E-4
39.5_47.0,2024-04-02,16.894518152872763,0.0012889495337731205
39.6_47.1,2024-04-02,16.978665288289392,0.0012889495337731205
39.7_47.0,2024-04-02,16.885403569539392,0.0012889495337731205
39.9_48.9,2024-04-02,16.714912033081077,0.0012889495337731205
40.0_48.8,2024-04-02,16.482652918497763,0.0012889495337731205
39.5_47.0,2024-04-03,13.772701517740927,2.38916277885437
39.6_47.1,2024-04-03,13.951656595865927,2.6523470878601074
39.7_47.0,2024-04-03,13.973792012532556,3.1827688217163086
39.9_48.9,2024-04-03,14.207841491699241,3.008335828781128
40.0_48.8,2024-04-03,14.062577819824241,3.032982349395752
39.5_47.0,2024-04-04,12.942899958292685,0.005208906145526271
39.6_47.1,2024-04-04,13.079944229126,0.011333283396197658
39.7_47.0,2024-04-04,12.954455947876,0.013940986605120997
39.9_48.9,2024-04-04,13.014677302042685,0.0558728542046083
40.0_48.8,2024-04-04,12.823271052042685,0.025399979563189845
39.5_47.0,2024-04-05,11.681855773925804,0.008749961807552609
39.6_47.1,2024-04-05,11.787080383300804,0.0076323747180140344
39.7_47.0,2024-04-05,11.700980122884118,0.12715458865386609
39.9_48.9,2024-04-05,8.769502258300804,0.005084276153866085
40.0_48.8,2024-04-05,8.832083638509118,0.0015974044345057337
39.5_47.0,2024-04-06,9.786333338419638,8.52346317969932E-4
39.6_47.1,2024-04-06,9.902869796752952,8.52346317969932E-4
39.7_47.0,2024-04-06,9.755815760294638,8.52346317969932E-4
39.9_48.9,2024-04-06,8.433957036336267,8.52346317969932E-4
40.0_48.8,2024-04-06,8.452186203002952,8.52346317969932E-4
39.5_47.0,2024-04-07,12.731029129028343,0.004208087887036527
39.6_47.1,2024-04-07,13.100495274861657,0.007694959606396878
39.7_47.0,2024-04-07,12.727773920695029,0.004148483242261136
39.9_48.9,2024-04-07,13.161937332153343,0.15679597851203653
40.0_48.8,2024-04-07,12.746898269653343,0.16087889667915078
39.5_47.0,2024-04-08,14.812465922037802,8.702277796146518E-4
39.6_47.1,2024-04-08,15.095262145996116,8.702277796146518E-4
39.7_47.0,2024-04-08,14.665574645996116,8.404254572269565E-4
39.9_48.9,2024-04-08,16.06726735432943,8.404254572269565E-4
40.0_48.8,2024-04-08,15.90003102620443,8.404254572269565E-4
39.5_47.0,2024-04-09,15.12176411946615,0.0017131802110270655
39.6_47.1,2024-04-09,15.23821919759115,0.0017131802110270655
39.7_47.0,2024-04-09,14.99757792154952,0.0017131802110270655
39.9_48.9,2024-04-09,16.330667114257835,0.0017131802110270655
40.0_48.8,2024-04-09,16.22943013509115,0.0017131802110270655
39.5_47.0,2024-04-10,15.980157470703148,2.92232016363414E-7
39.6_47.1,2024-04-10,16.018162027994833,2.92232016363414E-7
39.7_47.0,2024-04-10,15.855808512369833,2.92232016363414E-7
39.9_48.9,2024-04-10,16.679376220703148,2.92232016363414E-7
40.0_48.8,2024-04-10,16.493829345703148,2.92232016363414E-7
39.5_47.0,2024-04-11,17.674597676595056,0.0
39.6_47.1,2024-04-11,17.84761199951174,0.0
39.7_47.0,2024-04-11,17.546993509928427,0.0
39.9_48.9,2024-04-11,18.586462910970056,0.0
40.0_48.8,2024-04-11,18.594112650553427,0.0
39.5_47.0,2024-04-12,18.605595525105798,0.0
39.6_47.1,2024-04-12,18.67379213968917,0.0
39.7_47.0,2024-04-12,18.537724431355798,0.0
39.9_48.9,2024-04-12,19.020634587605798,0.2785921096801758
40.0_48.8,2024-04-12,18.912887191772484,0.08574128150939941
39.5_47.0,2024-04-13,17.308150863647484,0.007385015464933531
39.6_47.1,2024-04-13,17.605514144897484,0.00847280023208441
39.7_47.0,2024-04-13,17.25802065531417,0.009307265258939879
39.9_48.9,2024-04-13,16.034306462605798,0.0017225742112714215
40.0_48.8,2024-04-13,15.98507143656417,0.0017225742112714215
39.5_47.0,2024-04-14,16.182827885945642,8.583068797918258E-4
39.6_47.1,2024-04-14,16.342495854695642,0.0051200389812322555
39.7_47.0,2024-04-14,16.156786219279013,8.583068797918258E-4
39.9_48.9,2024-04-14,15.614956792195642,0.08387267589071712
40.0_48.8,2024-04-14,15.503140385945642,0.13516247271994075
39.5_47.0,2024-04-15,16.649187978108728,0.3159791230018527
39.6_47.1,2024-04-15,16.643328603108728,0.3685355185325534
39.7_47.0,2024-04-15,16.6822283426921,0.5624890326316745
39.9_48.9,2024-04-15,15.986183420817099,7.276311516648093
40.0_48.8,2024-04-15,15.979591623942099,5.389139056092063
39.5_47.0,2024-04-16,19.064928944905603,4.291534878575476E-4
39.6_47.1,2024-04-16,18.967109934488974,4.291534878575476E-4
39.7_47.0,2024-04-16,19.13052139282229,4.291534878575476E-4
39.9_48.9,2024-04-16,17.344795481363974,2.074030041740116
40.0_48.8,2024-04-16,17.29116592407229,1.9200712442852819
39.5_47.0,2024-04-17,20.70183906555178,4.188495381640678E-4
39.6_47.1,2024-04-17,20.778417841593466,0.0021324830754565482
39.7_47.0,2024-04-17,20.935074742635095,4.188495381640678E-4
39.9_48.9,2024-04-17,19.873551305135095,0.03467661912281983
40.0_48.8,2024-04-17,19.862646357218466,0.03650946194966309
39.5_47.0,2024-04-18,21.350763575236044,1.492619514465332
39.6_47.1,2024-04-18,21.510919825236044,1.489579677581787
39.7_47.0,2024-04-18,21.50978050231936,1.456618309020996
39.9_48.9,2024-04-18,21.094822820027673,0.5526542663574219
40.0_48.8,2024-04-18,21.123387273152673,0.2822279930114746
39.5_47.0,2024-04-19,14.37681605021163,2.5664150713851086
39.6_47.1,2024-04-19,14.50572230021163,2.387779950993263
39.7_47.0,2024-04-19,14.38804651896163,2.240288257496559
39.9_48.9,2024-04-19,14.46885706583663,0.7781267165114514
40.0_48.8,2024-04-19,14.49351526896163,1.0716497897078625
39.5_47.0,2024-04-20,16.323127365112327,0.0
39.6_47.1,2024-04-20,16.377082443237327,0.0
39.7_47.0,2024-04-20,16.305467859904013,0.0
39.9_48.9,2024-04-20,15.376431401570642,0.0
40.0_48.8,2024-04-20,15.396206792195642,0.0
39.5_47.0,2024-04-21,16.447949981689476,0.1474320888519287
39.6_47.1,2024-04-21,16.66906000773116,0.156402587890625
39.7_47.0,2024-04-21,16.60061925252279,0.18808245658874512
39.9_48.9,2024-04-21,17.023877716064476,2.8755366802215576
40.0_48.8,2024-04-21,16.96666742960616,2.3338794708251953
39.5_47.0,2024-04-22,15.182455317179404,0.36347210402709607
39.6_47.1,2024-04-22,15.298096593221032,0.48822462554198864
39.7_47.0,2024-04-22,15.121013259887718,0.422853231384579
39.9_48.9,2024-04-22,13.878418858846032,8.523463748133508E-4
40.0_48.8,2024-04-22,13.791504796346032,8.523463748133508E-4
39.5_47.0,2024-04-23,15.022438303629599,0.06078717075297391
39.6_47.1,2024-04-23,15.201230621337913,0.04530486427256619
39.7_47.0,2024-04-23,14.972470855712913,0.040640800818891876
39.9_48.9,2024-04-23,13.252825673421228,1.2691968377680496
40.0_48.8,2024-04-23,13.297259267171228,1.2894326146692947
39.5_47.0,2024-04-24,17.659638341267907,8.647980003217981E-4
39.6_47.1,2024-04-24,17.60869433085128,0.005439454486833029
39.7_47.0,2024-04-24,17.585826492309593,0.08721702711866897
39.9_48.9,2024-04-24,14.341197586059593,0.36227756159590285
40.0_48.8,2024-04-24,14.404918289184593,0.31092816012190383
39.5_47.0,2024-04-25,23.940942382812523,0.0053822993208996195
39.6_47.1,2024-04-25,23.860945638020837,0.0023126601149670023
39.7_47.0,2024-04-25,23.743269856770837,8.52346317969932E-4
39.9_48.9,2024-04-25,21.620385742187523,0.10334253300925411
40.0_48.8,2024-04-25,21.547224934895837,0.14041662205954708
39.5_47.0,2024-04-26,22.30713551839193,0.028043985423664708
39.6_47.1,2024-04-26,22.29346364339193,0.013709068355183263
39.7_47.0,2024-04-26,22.34253590901693,0.012636184749226231
39.9_48.9,2024-04-26,21.42285817464193,0.07063150411568131
40.0_48.8,2024-04-26,21.39649098714193,0.021457672175984044
39.5_47.0,2024-04-27,21.08278363545736,0.0021421217866191
39.6_47.1,2024-04-27,21.151061630249046,0.0021421217866191
39.7_47.0,2024-04-27,20.88087933858236,0.0021421217866191
39.9_48.9,2024-04-27,20.55910199483236,0.010963609213376913
40.0_48.8,2024-04-27,20.310404078165732,0.014659097189451131
39.5_47.0,2024-04-28,21.246551767985068,0.5241534169044826
39.6_47.1,2024-04-28,21.377004241943382,0.570764249118838
39.7_47.0,2024-04-28,21.194549814860068,0.5099675114479396
39.9_48.9,2024-04-28,20.736379241943382,0.0025680716362330713
40.0_48.8,2024-04-28,20.603403981526696,0.0025680716362330713
39.5_47.0,2024-04-29,19.685098266601585,0.3832770782032924
39.6_47.1,2024-04-29,19.71016337076827,0.15506579451951552
39.7_47.0,2024-04-29,19.73726298014327,0.32036437564286757
39.9_48.9,2024-04-29,16.40401102701827,4.734356542162033
40.0_48.8,2024-04-29,16.445108032226585,3.3034874396840053
39.5_47.0,2024-04-30,16.408845520019554,0.009720488872488886
39.6_47.1,2024-04-30,16.50861765543624,0.0038047278785313665
39.7_47.0,2024-04-30,16.17919057210287,0.06543593057628527
39.9_48.9,2024-04-30,15.53986765543624,8.542979621495306E-4
40.0_48.8,2024-04-30,15.474356587727868,8.691991233433782E-4
39.5_47.0,2024-05-01,16.960100428263388,8.52346317969932E-4
39.6_47.1,2024-05-01,17.199683761596702,8.52346317969932E-4
39.7_47.0,2024-05-01,16.704078292846702,8.52346317969932E-4
39.9_48.9,2024-05-01,16.653541183471702,8.52346317969932E-4
40.0_48.8,2024-05-01,16.582252120971702,8.52346317969932E-4
39.5_47.0,2024-05-02,18.582397079467796,8.52346317969932E-4
39.6_47.1,2024-05-02,18.823038355509482,8.52346317969932E-4
39.7_47.0,2024-05-02,18.380004501342796,8.52346317969932E-4
39.9_48.9,2024-05-02,16.18135541280111,0.2882659434249035
40.0_48.8,2024-05-02,16.220011011759482,0.32128691663046993
39.5_47.0,2024-05-03,17.71915461222335,0.0
39.6_47.1,2024-05-03,17.755694325764978,0.0
39.7_47.0,2024-05-03,17.587888336181663,0.0
39.9_48.9,2024-05-03,13.000323232014978,0.018835067749023438
40.0_48.8,2024-05-03,13.117266591389978,0.031948089599609375
39.5_47.0,2024-05-04,10.882050450642907,0.0012814998058274796
39.6_47.1,2024-05-04,10.781220372517907,0.0012814998058274796
39.7_47.0,2024-05-04,10.687388992309593,0.0012814998058274796
39.9_48.9,2024-05-04,7.753551101684593,0.0012814998058274796
40.0_48.8,2024-05-04,7.725230789184593,0.0012814998058274796
39.5_47.0,2024-05-05,11.57357241312667,8.702278364580707E-4
39.6_47.1,2024-05-05,11.727706527709984,8.702278364580707E-4
39.7_47.0,2024-05-05,11.37362124125167,8.702278364580707E-4
39.9_48.9,2024-05-05,11.566899236043298,8.702278364580707E-4
40.0_48.8,2024-05-05,11.22396303812667,8.702278364580707E-4
39.5_47.0,2024-05-06,14.513949966430687,0.0
39.6_47.1,2024-05-06,14.697787857055687,0.0
39.7_47.0,2024-05-06,14.423373794555687,0.0
39.9_48.9,2024-05-06,16.473910903930687,0.06631016731262207
40.0_48.8,2024-05-06,16.268018976847372,0.02473592758178711
39.5_47.0,2024-05-07,17.14028892517092,8.702277796146518E-4
39.6_47.1,2024-05-07,17.278798039754236,8.702277796146518E-4
39.7_47.0,2024-05-07,17.151682154337607,8.702277796146518E-4
39.9_48.9,2024-05-07,19.36441001892092,8.702277796146518E-4
40.0_48.8,2024-05-07,19.064442571004236,8.702277796146518E-4
39.5_47.0,2024-05-08,14.184615071614587,2.950274944300446
39.6_47.1,2024-05-08,14.326135253906273,2.5477647781322332
39.7_47.0,2024-05-08,14.054569498697958,2.7136445045421453
39.9_48.9,2024-05-08,11.493778483072958,0.5794107913921209
40.0_48.8,2024-05-08,11.630985514322958,0.496947765345368
39.5_47.0,2024-05-09,12.933683649698935,8.404254394633881E-4
39.6_47.1,2024-05-09,13.075447972615564,8.702277618510834E-4
39.7_47.0,2024-05-09,12.837410863240564,8.702277618510834E-4
39.9_48.9,2024-05-09,9.39201698303225,8.702277618510834E-4
40.0_48.8,2024-05-09,9.507332738240564,8.404254394633881E-4
39.5_47.0,2024-05-10,13.413756942749046,0.0017106532936850272
39.6_47.1,2024-05-10,13.493346786499046,0.0017106532936850272
39.7_47.0,2024-05-10,13.386331812540732,0.0017106532936850272
39.9_48.9,2024-05-10,10.220397567749046,0.0017106532936850272
40.0_48.8,2024-05-10,10.21876996358236,0.0017106532936850272
39.5_47.0,2024-05-11,15.463151550292991,0.0
39.6_47.1,2024-05-11,15.531836446126306,0.0
39.7_47.0,2024-05-11,15.583187357584677,0.0
39.9_48.9,2024-05-11,14.890560404459677,0.8054375648498535
40.0_48.8,2024-05-11,14.852230326334677,0.750511884689331
39.5_47.0,2024-05-12,14.27941729227706,0.024139881134033203
39.6_47.1,2024-05-12,14.419391250610374,0.032782554626464844
39.7_47.0,2024-05-12,14.158404922485374,0.022232532501220703
39.9_48.9,2024-05-12,12.280963516235374,0.05227327346801758
40.0_48.8,2024-05-12,12.250527318318689,0.15673041343688965
39.5_47.0,2024-05-13,13.157338714599632,0.1488793235466801
39.6_47.1,2024-05-13,13.193552907307946,0.16637328678825725
39.7_47.0,2024-05-13,12.954213714599632,0.13062540108421672
39.9_48.9,2024-05-13,9.795440928141318,0.004203949515613203
40.0_48.8,2024-05-13,9.772328948974632,0.004993711058887129
39.5_47.0,2024-05-14,13.491222000122093,0.03381131830337836
39.6_47.1,2024-05-14,13.553559239705407,6.413334858734743E-4
39.7_47.0,2024-05-14,13.327891921997093,5.966300022919313E-4
39.9_48.9,2024-05-14,11.429047520955407,8.648509037811891E-4
40.0_48.8,2024-05-14,11.304535802205407,5.835545380250551E-7
39.5_47.0,2024-05-15,12.794321314493857,2.4773140850591346
39.6_47.1,2024-05-15,13.167286809285486,1.1106540861653968
39.7_47.0,2024-05-15,12.854217147827171,1.3788004818486854
39.9_48.9,2024-05-15,12.156707382202171,0.001560658507315793
40.0_48.8,2024-05-15,11.959930038452171,8.603039312049532E-4
39.5_47.0,2024-05-16,12.45327212015792,0.8502189408545746
39.6_47.1,2024-05-16,12.715153630574548,0.6197277795081391
39.7_47.0,2024-05-16,12.46938540140792,0.6513331424002899
39.9_48.9,2024-05-16,12.31899477640792,0.15560131180336612
40.0_48.8,2024-05-16,12.064274724324548,0.1268271695380463
39.5_47.0,2024-05-17,13.651234563191736,0.09121018007363091
39.6_47.1,2024-05-17,13.789174016316736,0.08130090787972222
39.7_47.0,2024-05-17,13.569935735066736,0.07085519388283501
39.9_48.9,2024-05-17,13.069284693400107,0.13230758264626274
40.0_48.8,2024-05-17,12.916371281941736,0.10564940527046929
39.5_47.0,2024-05-18,15.235173797607445,0.27492642402648926
39.6_47.1,2024-05-18,15.45652796427413,0.3221482038497925
39.7_47.0,2024-05-18,15.04515101114913,0.3018230199813843
39.9_48.9,2024-05-18,14.277735646565759,0.22871792316436768
40.0_48.8,2024-05-18,14.095037078857445,0.17465651035308838
39.5_47.0,2024-05-19,15.899416224161826,0.9382247923781506
39.6_47.1,2024-05-19,16.08724174499514,0.8748948573042981
39.7_47.0,2024-05-19,15.76106986999514,1.1878490446974865
39.9_48.9,2024-05-19,16.235760625203454,0.41346549977561153
40.0_48.8,2024-05-19,16.046307500203454,0.5026340483595959
39.5_47.0,2024-05-20,17.69204673767092,0.11032819747924805
39.6_47.1,2024-05-20,17.96865806579592,0.11435151100158691
39.7_47.0,2024-05-20,17.672678248087607,0.0947713851928711
39.9_48.9,2024-05-20,17.762277857462607,0.0
40.0_48.8,2024-05-20,17.832997258504236,0.0
39.5_47.0,2024-05-21,19.776098505655966,8.549805556867796E-4
39.6_47.1,2024-05-21,20.066788609822595,8.549805556867796E-4
39.7_47.0,2024-05-21,19.733048375447595,8.549805556867796E-4
39.9_48.9,2024-05-21,20.53325996398928,8.549805556867796E-4
40.0_48.8,2024-05-21,20.284643427530966,8.549805556867796E-4
39.5_47.0,2024-05-22,20.529615020751976,8.583068797918258E-4
39.6_47.1,2024-05-22,20.82152582804366,8.583068797918258E-4
39.7_47.0,2024-05-22,20.514722442626976,8.583068797918258E-4
39.9_48.9,2024-05-22,21.26390864054366,8.583068797918258E-4
40.0_48.8,2024-05-22,21.08169835408529,8.583068797918258E-4
39.5_47.0,2024-05-23,21.18871332804366,0.0
39.6_47.1,2024-05-23,21.44823481241866,0.0
39.7_47.0,2024-05-23,21.116529083251976,0.0
39.9_48.9,2024-05-23,21.48168207804366,0.0
40.0_48.8,2024-05-23,21.39720942179366,0.0
39.5_47.0,2024-05-24,20.52452176411947,8.52346317969932E-4
39.6_47.1,2024-05-24,20.537135696411156,8.52346317969932E-4
39.7_47.0,2024-05-24,20.44029324849447,8.52346317969932E-4
39.9_48.9,2024-05-24,18.55503934224447,8.52346317969932E-4
40.0_48.8,2024-05-24,18.44493192036947,8.52346317969932E-4
39.5_47.0,2024-05-25,18.862875874837243,0.1417994499206543
39.6_47.1,2024-05-25,18.975261942545615,0.04076957702636719
39.7_47.0,2024-05-25,18.768474833170615,0.14764070510864258
39.9_48.9,2024-05-25,17.373699442545615,0.0
40.0_48.8,2024-05-25,17.205730692545615,0.0
39.5_47.0,2024-05-26,16.31279780069991,3.0044615268707275
39.6_47.1,2024-05-26,16.648084259033226,3.112703561782837
39.7_47.0,2024-05-26,16.19308751424154,3.478318452835083
39.9_48.9,2024-05-26,18.77878087361654,0.0
40.0_48.8,2024-05-26,18.61479975382491,0.0
39.5_47.0,2024-05-27,19.4061269124349,0.47327991615020437
39.6_47.1,2024-05-27,19.7081288655599,0.40220137725555105
39.7_47.0,2024-05-27,19.32735087076827,1.0762107003756682
39.9_48.9,2024-05-27,20.723428344726585,0.002582036358944606
40.0_48.8,2024-05-27,20.522256469726585,0.002582036358944606
39.5_47.0,2024-05-28,21.550093587239587,0.0
39.6_47.1,2024-05-28,21.797814941406273,0.0
39.7_47.0,2024-05-28,21.51770426432296,0.0
39.9_48.9,2024-05-28,21.352990722656273,0.0
40.0_48.8,2024-05-28,21.228967285156273,0.0
39.5_47.0,2024-05-29,20.169075266520224,3.759706020350251
39.6_47.1,2024-05-29,20.58736953735354,2.582007646555695
39.7_47.0,2024-05-29,20.31368789672854,2.582305669779572
39.9_48.9,2024-05-29,21.93722305297854,0.6298065185497137
40.0_48.8,2024-05-29,21.793261464436853,0.5353033542583319
39.5_47.0,2024-05-30,21.58969968159994,0.46049356456023816
39.6_47.1,2024-05-30,21.934344863891624,0.45998692507964734
39.7_47.0,2024-05-30,21.863055801391624,0.6283104419253505
39.9_48.9,2024-05-30,22.71282793680831,0.05723834033233288
40.0_48.8,2024-05-30,22.73789304097494,0.01700520510894421
39.5_47.0,2024-05-31,22.496069208780966,0.1303553581237793
39.6_47.1,2024-05-31,22.752335484822595,0.11295080184936523
39.7_47.0,2024-05-31,22.561987177530966,0.1367628574371338
39.9_48.9,2024-05-31,23.125952021280966,1.371145248413086
40.0_48.8,2024-05-31,23.111710484822595,0.6802082061767578
39.5_47.0,2024-06-01,23.54135665893557,8.583068797918258E-4
39.6_47.1,2024-06-01,23.76181564331057,0.0013351440379949508
39.7_47.0,2024-06-01,23.543391164143884,0.004196166987213701
39.9_48.9,2024-06-01,23.327408091227255,0.038439035410675615
40.0_48.8,2024-06-01,23.277277882893884,0.032210350031647295
39.5_47.0,2024-06-02,23.678350067138695,5.513429641723633E-4
39.6_47.1,2024-06-02,23.919561004638695,0.0
39.7_47.0,2024-06-02,23.800420379638695,0.002771615982055664
39.9_48.9,2024-06-02,24.95797246297201,2.9802322387695312E-5
40.0_48.8,2024-06-02,24.817510223388695,5.662441253662109E-4
39.5_47.0,2024-06-03,23.868676757812523,0.001716613667213096
39.6_47.1,2024-06-03,24.06341959635421,0.001716613667213096
39.7_47.0,2024-06-03,23.97650553385421,0.001716613667213096
39.9_48.9,2024-06-03,25.522485351562523,0.019463896649085655
40.0_48.8,2024-06-03,25.315291341145837,0.01579821099539913
39.5_47.0,2024-06-04,25.502715047200525,0.0
39.6_47.1,2024-06-04,25.734730021158896,0.0
39.7_47.0,2024-06-04,25.51484069824221,0.0
39.9_48.9,2024-06-04,25.447376505533896,1.4027655124664307
40.0_48.8,2024-06-04,25.493681844075525,1.5149116516113281
39.5_47.0,2024-06-05,27.61908620198568,0.0
39.6_47.1,2024-06-05,27.82855885823568,0.0
39.7_47.0,2024-06-05,27.652614847819052,0.0
39.9_48.9,2024-06-05,25.771348571777366,0.3841221332550049
40.0_48.8,2024-06-05,25.807481384277366,0.5361437797546387
39.5_47.0,2024-06-06,26.60323867797854,0.005203485386573448
39.6_47.1,2024-06-06,26.86568984985354,0.006008148091041221
39.7_47.0,2024-06-06,26.768196360270224,0.005203485386573448
39.9_48.9,2024-06-06,25.986458079020224,0.293987989323341
40.0_48.8,2024-06-06,26.01485977172854,0.11559128751059689
39.5_47.0,2024-06-07,24.73670921325686,0.051188468830787315
39.6_47.1,2024-06-07,24.973932520548544,0.055256485836707725
39.7_47.0,2024-06-07,24.79554710388186,0.05077123631735958
39.9_48.9,2024-06-07,23.218235905965173,0.3397196530272595
40.0_48.8,2024-06-07,23.13368186950686,0.25275647629996456
39.5_47.0,2024-06-08,25.12037620544436,8.791685104370117E-4
39.6_47.1,2024-06-08,25.30738792419436,0.0012069940567016602
39.7_47.0,2024-06-08,25.090021387736044,0.001519918441772461
39.9_48.9,2024-06-08,23.33546409606936,-1.4901161193847656E-5
40.0_48.8,2024-06-08,23.240818913777673,0.0
39.5_47.0,2024-06-09,25.155541992187523,1.793980598449707
39.6_47.1,2024-06-09,25.32367350260421,2.088695764541626
39.7_47.0,2024-06-09,25.149438476562523,2.080202102661133
39.9_48.9,2024-06-09,24.419295247395837,0.3420710563659668
40.0_48.8,2024-06-09,24.22967936197921,0.17321109771728516
39.5_47.0,2024-06-10,26.02324701944991,0.01700520505210079
39.6_47.1,2024-06-10,26.32174962361654,0.03689825524588741
39.7_47.0,2024-06-10,25.970349884033226,0.014188885586463584
39.9_48.9,2024-06-10,25.98809076944991,8.52346317969932E-4
40.0_48.8,2024-06-10,25.764051055908226,8.52346317969932E-4
39.5_47.0,2024-06-11,26.887395477294945,0.26466846458106374
39.6_47.1,2024-06-11,26.94566370646163,0.2689152955213103
39.7_47.0,2024-06-11,26.56276982625326,0.252121686855844
39.9_48.9,2024-06-11,27.022649383544945,0.05389153949408865
40.0_48.8,2024-06-11,26.92507451375326,0.031152367512277124
39.5_47.0,2024-06-12,27.52749087015792,3.061034911695515
39.6_47.1,2024-06-12,27.73403383890792,3.084712856832539
39.7_47.0,2024-06-12,27.552311833699548,2.747544282499348
39.9_48.9,2024-06-12,26.296859359741234,1.7193641601238596
40.0_48.8,2024-06-12,26.22329165140792,1.6037311492596018
39.5_47.0,2024-06-13,25.414126332600915,0.11546611676749308
39.6_47.1,2024-06-13,25.6386543273926,0.132200120788184
39.7_47.0,2024-06-13,25.495262400309286,0.16586184392508585
39.9_48.9,2024-06-13,24.253970082600915,2.9857128847652348
40.0_48.8,2024-06-13,24.3056465148926,2.376523612838355
39.5_47.0,2024-06-14,26.04272295633956,0.001730909104935563
39.6_47.1,2024-06-14,26.18961423238119,0.0017011067825478676
39.7_47.0,2024-06-14,25.974933242797874,0.0029230020004433754
39.9_48.9,2024-06-14,23.69059079488119,0.0017011067825478676
40.0_48.8,2024-06-14,23.72241045633956,0.001730909104935563
39.5_47.0,2024-06-15,26.218778864542685,6.025877610738917
39.6_47.1,2024-06-15,26.448515192667685,6.873723880346461
39.7_47.0,2024-06-15,26.262886937459314,6.980654613073511
39.9_48.9,2024-06-15,26.028756078084314,0.2084940829831794
40.0_48.8,2024-06-15,25.931750869751,0.638809815939112
39.5_47.0,2024-06-16,23.802757517496786,3.0760437250023642
39.6_47.1,2024-06-16,23.964866892496786,2.4557679891472617
39.7_47.0,2024-06-16,23.957949574788415,2.3442029952889243
39.9_48.9,2024-06-16,25.180687204996786,0.9483665227776328
40.0_48.8,2024-06-16,25.0931221008301,0.8431494235878745
39.5_47.0,2024-06-17,23.471849695841513,0.7527674545713126
39.6_47.1,2024-06-17,23.590827560424827,0.6962771524854361
39.7_47.0,2024-06-17,23.616299565633142,0.5037541498609244
39.9_48.9,2024-06-17,23.882250086466513,0.8877421726651846
40.0_48.8,2024-06-17,23.857591883341513,0.6693656553693472
39.5_47.0,2024-06-18,24.806112543741904,0.9441691105962491
39.6_47.1,2024-06-18,24.929240798950218,1.0079013770223355
39.7_47.0,2024-06-18,24.739218012491904,0.8579211896062588
39.9_48.9,2024-06-18,24.363811111450218,0.47651106768853424
40.0_48.8,2024-06-18,24.325806554158532,0.3916042512059903
39.5_47.0,2024-06-19,26.53143971761068,0.0
39.6_47.1,2024-06-19,26.66327565511068,0.0
39.7_47.0,2024-06-19,26.496364847819052,0.0
39.9_48.9,2024-06-19,25.899034118652366,0.0034421682357788086
40.0_48.8,2024-06-19,25.77313893636068,0.0011622905731201172
39.5_47.0,2024-06-20,26.9429921468099,0.6080746649672619
39.6_47.1,2024-06-20,27.0572499593099,0.8322924374510876
39.7_47.0,2024-06-20,27.1043690999349,0.5913853644301525
39.9_48.9,2024-06-20,25.8270253499349,2.3549526928832165
40.0_48.8,2024-06-20,25.805215454101585,2.3090571164061657
39.5_47.0,2024-06-21,22.004720942179404,0.0017097143540922843
39.6_47.1,2024-06-21,22.032797114054404,0.0017097143540922843
39.7_47.0,2024-06-21,21.884278233846032,0.0017097143540922843
39.9_48.9,2024-06-21,20.526123936971032,0.23339296859603564
40.0_48.8,2024-06-21,20.335938390096032,0.4161110071549956
39.5_47.0,2024-06-22,23.08123613993331,0.003008110468272207
39.6_47.1,2024-06-22,23.21990801493331,0.003440244142893789
39.7_47.0,2024-06-22,23.04013913472494,0.01621053928602123
39.9_48.9,2024-06-22,22.06919186909994,0.02740131134260082
40.0_48.8,2024-06-22,21.856464004516624,0.04617677444684887
39.5_47.0,2024-06-23,24.750488535563193,8.551182872906793E-6
39.6_47.1,2024-06-23,24.928060150146507,-6.349978320940863E-6
39.7_47.0,2024-06-23,24.79069035847982,8.551182872906793E-6
39.9_48.9,2024-06-23,23.285726165771507,8.551182872906793E-6
40.0_48.8,2024-06-23,23.114827728271507,2.345234406675445E-5
39.5_47.0,2024-06-24,26.91466865539553,0.0111997127483221
39.6_47.1,2024-06-24,27.124466832478845,0.024968385691437334
39.7_47.0,2024-06-24,26.975785191853845,0.01665353774527034
39.9_48.9,2024-06-24,24.139684931437216,1.0009646415660711
40.0_48.8,2024-06-24,24.112992223103845,1.3280749320934149
39.5_47.0,2024-06-25,22.950364685058616,1.5741825103710028
39.6_47.1,2024-06-25,23.08374684651693,1.6374826431224676
39.7_47.0,2024-06-25,22.87940114339193,1.8815636634776922
39.9_48.9,2024-06-25,20.02905934651693,0.9573638439128729
40.0_48.8,2024-06-25,20.017177836100302,0.6555557250926825
39.5_47.0,2024-06-26,22.084138488769554,0.404995679843978
39.6_47.1,2024-06-26,22.117097473144554,0.5796074867134848
39.7_47.0,2024-06-26,21.91755320231124,0.6521463394051352
39.9_48.9,2024-06-26,19.323640441894554,2.3664057254677573
40.0_48.8,2024-06-26,19.17853953043624,2.6037812232857505
39.5_47.0,2024-06-27,22.224114990234398,0.30487775802612305
39.6_47.1,2024-06-27,22.266432698567712,0.34368038177490234
39.7_47.0,2024-06-27,22.040114339192712,0.3432929515838623
39.9_48.9,2024-06-27,20.048089599609398,0.5473494529724121
40.0_48.8,2024-06-27,19.953037516276083,0.5282759666442871
39.5_47.0,2024-06-28,23.2850058237712,0.010724260278038855
39.6_47.1,2024-06-28,23.4087851206462,0.011603428788475867
39.7_47.0,2024-06-28,23.140800094604515,0.013793899483971472
39.9_48.9,2024-06-28,21.80860608418783,0.027085735268883582
40.0_48.8,2024-06-28,21.6382773081462,0.023524357743553992
39.5_47.0,2024-06-29,24.24451917012533,8.658628516400313E-4
39.6_47.1,2024-06-29,24.4352743784587,8.509616904461836E-4
39.7_47.0,2024-06-29,24.16590588887533,8.658628516400313E-4
39.9_48.9,2024-06-29,23.483207321167015,0.0017301302008831954
40.0_48.8,2024-06-29,23.33680432637533,8.509616904461836E-4
39.5_47.0,2024-06-30,26.794519042968773,0.0033454733170401596
39.6_47.1,2024-06-30,27.065596516927087,0.00385211279763098
39.7_47.0,2024-06-30,26.836104329427087,0.00385211279763098
39.9_48.9,2024-06-30,26.14282633463546,0.0013487177170645737
40.0_48.8,2024-06-30,26.022139485677087,0.002421601323021605
39.5_47.0,2024-07-01,27.508471425374353,8.543246963199636E-4
39.6_47.1,2024-07-01,27.677253977457724,8.543246963199636E-4
39.7_47.0,2024-07-01,27.461352284749353,8.543246963199636E-4
39.9_48.9,2024-07-01,26.95492324829104,0.16327698170925942
40.0_48.8,2024-07-01,26.86483535766604,0.12790162503506508
39.5_47.0,2024-07-02,27.912058766682946,0.0
39.6_47.1,2024-07-02,28.090444183349632,0.0
39.7_47.0,2024-07-02,27.883006032307946,0.0
39.9_48.9,2024-07-02,28.362498219807946,0.0
40.0_48.8,2024-07-02,28.155955251057946,0.0
39.5_47.0,2024-07-03,28.06962610880538,0.0
39.6_47.1,2024-07-03,28.25826543172201,0.0
39.7_47.0,2024-07-03,28.04635136922201,0.0
39.9_48.9,2024-07-03,29.171758270263695,0.0
40.0_48.8,2024-07-03,29.076787567138695,0.0
39.5_47.0,2024-07-04,29.379458999633812,0.0017170642081509868
39.6_47.1,2024-07-04,29.410057957967126,0.0017170642081509868
39.7_47.0,2024-07-04,29.252831395467126,0.0017170642081509868
39.9_48.9,2024-07-04,29.331932957967126,0.0018064711753140728
40.0_48.8,2024-07-04,29.249332046508812,0.0017170642081509868
39.5_47.0,2024-07-05,29.969537353515648,0.029844045570825983
39.6_47.1,2024-07-05,29.912001546223962,0.04149675362441485
39.7_47.0,2024-07-05,29.925429280598962,0.015479326179956843
39.9_48.9,2024-07-05,30.538873291015648,0.06310343735549395
40.0_48.8,2024-07-05,30.445774332682333,0.11329054825637286
39.5_47.0,2024-07-06,29.962856547037802,0.32145945135653164
39.6_47.1,2024-07-06,30.131394958496116,0.277411618867518
39.7_47.0,2024-07-06,30.16809743245443,0.24558273855745938
39.9_48.9,2024-07-06,27.528123474121116,0.041198411622644926
40.0_48.8,2024-07-06,27.686245218912802,0.0585433632522836
39.5_47.0,2024-07-07,30.15163637797042,0.0
39.6_47.1,2024-07-07,30.241887029012048,0.0
39.7_47.0,2024-07-07,30.299260075887048,0.0
39.9_48.9,2024-07-07,27.556747055053734,0.0
40.0_48.8,2024-07-07,27.65261294047042,0.0
39.5_47.0,2024-07-08,32.02046928405764,0.05726516246795654
39.6_47.1,2024-07-08,32.16280326843264,0.07526576519012451
39.7_47.0,2024-07-08,32.122682825724326,0.05790591239929199
39.9_48.9,2024-07-08,30.718304570515954,0.3323107957839966
40.0_48.8,2024-07-08,30.810671106974326,0.3408193588256836
39.5_47.0,2024-07-09,31.340087509155296,8.583068797918258E-4
39.6_47.1,2024-07-09,31.378092066446982,8.583068797918258E-4
39.7_47.0,2024-07-09,31.312662378946982,8.583068797918258E-4
39.9_48.9,2024-07-09,29.586588160196982,0.04159808158377132
40.0_48.8,2024-07-09,29.699136988321982,0.013703107828888506
39.5_47.0,2024-07-10,30.024260457356775,0.0
39.6_47.1,2024-07-10,30.11402282714846,0.0
39.7_47.0,2024-07-10,30.02979431152346,0.0
39.9_48.9,2024-07-10,28.890227254231775,0.0
40.0_48.8,2024-07-10,28.902515665690146,0.0
39.5_47.0,2024-07-11,29.930508550008142,8.52346317969932E-4
39.6_47.1,2024-07-11,30.235928471883142,8.52346317969932E-4
39.7_47.0,2024-07-11,29.945645268758142,8.52346317969932E-4
39.9_48.9,2024-07-11,29.418382898966513,8.52346317969932E-4
40.0_48.8,2024-07-11,29.456306076049827,8.52346317969932E-4
39.5_47.0,2024-07-12,29.029734547932946,8.583068797918258E-4
39.6_47.1,2024-07-12,29.142120615641318,8.583068797918258E-4
39.7_47.0,2024-07-12,29.000112152099632,8.583068797918258E-4
39.9_48.9,2024-07-12,26.802521006266318,8.583068797918258E-4
40.0_48.8,2024-07-12,26.820506032307946,8.583068797918258E-4
39.5_47.0,2024-07-13,27.145922597249353,0.0
39.6_47.1,2024-07-13,27.34823379516604,0.0
39.7_47.0,2024-07-13,27.07894668579104,0.0
39.9_48.9,2024-07-13,25.749031321207724,0.0
40.0_48.8,2024-07-13,25.704272206624353,0.0
39.5_47.0,2024-07-14,27.790081914265954,8.583068797918258E-4
39.6_47.1,2024-07-14,28.035199101765954,8.583068797918258E-4
39.7_47.0,2024-07-14,27.688600794474326,8.583068797918258E-4
39.9_48.9,2024-07-14,27.366823450724326,8.583068797918258E-4
40.0_48.8,2024-07-14,27.286419804890954,8.583068797918258E-4
39.5_47.0,2024-07-15,29.592600123087607,4.261732051702438E-4
39.6_47.1,2024-07-15,29.851307805379236,4.261732051702438E-4
39.7_47.0,2024-07-15,29.577707544962607,4.261732051702438E-4
39.9_48.9,2024-07-15,28.850331242879236,0.15597939490774593
40.0_48.8,2024-07-15,28.88638267517092,0.08543729781607112
39.5_47.0,2024-07-16,31.549157714843773,4.2617311279968817E-4
39.6_47.1,2024-07-16,31.713057454427087,4.2617311279968817E-4
39.7_47.0,2024-07-16,31.53979899088546,4.2617311279968817E-4
39.9_48.9,2024-07-16,30.449873860677087,0.0011414288501043757
40.0_48.8,2024-07-16,30.454919433593773,0.001260638139655157
39.5_47.0,2024-07-17,31.937537129720056,0.0
39.6_47.1,2024-07-17,32.075964864095056,0.0
39.7_47.0,2024-07-17,31.89351043701174,0.0
39.9_48.9,2024-07-17,30.59004364013674,0.001519918441772461
40.0_48.8,2024-07-17,30.662960306803427,5.364418029785156E-4
39.5_47.0,2024-07-18,31.897994613647484,8.52346317969932E-4
39.6_47.1,2024-07-18,32.026168441772484,8.52346317969932E-4
39.7_47.0,2024-07-18,31.764449691772484,8.52346317969932E-4
39.9_48.9,2024-07-18,31.001347478230798,8.52346317969932E-4
40.0_48.8,2024-07-18,30.937545394897484,8.52346317969932E-4
39.5_47.0,2024-07-19,32.10274149576827,0.12742876998572683
39.6_47.1,2024-07-19,32.25630594889327,0.03682970992713308
39.7_47.0,2024-07-19,32.1143788655599,0.0025570391812834714
39.9_48.9,2024-07-19,29.67647196451827,0.4043519496121917
40.0_48.8,2024-07-19,29.76192118326827,0.3558337687650237
39.5_47.0,2024-07-20,29.76321627298995,0.026042528237013585
39.6_47.1,2024-07-20,29.822135543823265,0.0013811064611957136
39.7_47.0,2024-07-20,29.73139661153158,0.0012618971716449323
39.9_48.9,2024-07-20,26.45144869486495,8.595658194110456E-4
40.0_48.8,2024-07-20,26.50833346048995,8.595658194110456E-4
39.5_47.0,2024-07-21,29.387551879882835,0.00258088101645626
39.6_47.1,2024-07-21,29.428079223632835,0.00258088101645626
39.7_47.0,2024-07-21,29.34254862467452,0.00258088101645626
39.9_48.9,2024-07-21,27.709573364257835,0.00258088101645626
40.0_48.8,2024-07-21,27.50750630696615,0.00258088101645626
39.5_47.0,2024-07-22,29.49718373616537,0.0322043894698254
39.6_47.1,2024-07-22,29.70470326741537,0.03305375565787472
39.7_47.0,2024-07-22,29.552766418457054,0.009182095425330772
39.9_48.9,2024-07-22,26.01411081949874,0.9122222660948864
40.0_48.8,2024-07-22,26.12202097574874,0.9999305008818737
39.5_47.0,2024-07-23,23.057600275675497,24.840205907821655
39.6_47.1,2024-07-23,23.119937515258812,21.667510271072388
39.7_47.0,2024-07-23,22.978498713175497,23.788288235664368
39.9_48.9,2024-07-23,24.579817072550497,0.50334632396698
40.0_48.8,2024-07-23,24.327375666300497,0.7705092430114746
39.5_47.0,2024-07-24,23.41938425699874,0.22332668294211544
39.6_47.1,2024-07-24,23.518342590332054,0.24314522732993282
39.7_47.0,2024-07-24,23.347688293457054,0.2152800558974377
39.9_48.9,2024-07-24,21.89366811116537,0.307294726269447
40.0_48.8,2024-07-24,21.805451965332054,0.24356245984336056
39.5_47.0,2024-07-25,23.606808598836267,0.0017106532936850272
39.6_47.1,2024-07-25,23.994666671752952,0.0017106532936850272
39.7_47.0,2024-07-25,23.500770187377952,0.0017106532936850272
39.9_48.9,2024-07-25,23.264523442586267,0.0017106532936850272
40.0_48.8,2024-07-25,23.074012374877952,0.0017106532936850272
39.5_47.0,2024-07-26,25.082781092325888,0.0
39.6_47.1,2024-07-26,25.335141118367517,0.0
39.7_47.0,2024-07-26,24.995297368367517,0.0
39.9_48.9,2024-07-26,23.954118982950888,0.0
40.0_48.8,2024-07-26,23.845639165242517,0.0
39.5_47.0,2024-07-27,24.70188992818197,0.0
39.6_47.1,2024-07-27,24.955226516723656,0.0
39.7_47.0,2024-07-27,24.74542833964034,0.0
39.9_48.9,2024-07-27,23.894679641723656,0.0
40.0_48.8,2024-07-27,23.726466751098656,0.0
39.5_47.0,2024-07-28,25.346745427449548,8.583068833445395E-4
39.6_47.1,2024-07-28,25.761540349324548,8.583068833445395E-4
39.7_47.0,2024-07-28,25.43691469828292,8.583068833445395E-4
39.9_48.9,2024-07-28,26.32241274515792,8.583068833445395E-4
40.0_48.8,2024-07-28,26.097233708699548,8.583068833445395E-4
39.5_47.0,2024-07-29,27.049921290079794,0.0021427869114631903
39.6_47.1,2024-07-29,27.361607487996423,0.0021427869114631903
39.7_47.0,2024-07-29,27.112339909871423,0.0021427869114631903
39.9_48.9,2024-07-29,27.414179102579794,0.6122261285099739
40.0_48.8,2024-07-29,27.345575586954794,0.9140640496525521
39.5_47.0,2024-07-30,24.375593439737997,0.02037286753875378
39.6_47.1,2024-07-30,24.603213882446312,0.04211366172057751
39.7_47.0,2024-07-30,24.518415705362997,0.025856494858089718
39.9_48.9,2024-07-30,22.850609715779626,0.015336275055233273
40.0_48.8,2024-07-30,22.861189142862997,0.06889104838592175
39.5_47.0,2024-07-31,23.505076980590843,0.0893950461318127
39.6_47.1,2024-07-31,23.711619949340843,0.11121034611960567
39.7_47.0,2024-07-31,23.509308751424157,0.09160041798850216
39.9_48.9,2024-07-31,22.643260574340843,0.10259747494956173
40.0_48.8,2024-07-31,22.588328933715843,0.14142990102072872
39.5_47.0,2024-08-01,24.77528851826986,0.002131228143298358
39.6_47.1,2024-08-01,24.989318466186546,0.002131228143298358
39.7_47.0,2024-08-01,24.77309125264486,0.002131228143298358
39.9_48.9,2024-08-01,23.514871851603232,0.002131228143298358
40.0_48.8,2024-08-01,23.464416122436546,0.002131228143298358
39.5_47.0,2024-08-02,25.69820620218917,8.52346317969932E-4
39.6_47.1,2024-08-02,25.896122868855798,0.13532042493125118
39.7_47.0,2024-08-02,25.75924135843917,8.52346317969932E-4
39.9_48.9,2024-08-02,24.387496566772484,0.22326707829734005
40.0_48.8,2024-08-02,24.440312321980798,0.09922981251975216
39.5_47.0,2024-08-03,26.99453506469729,0.001300925475788972
39.6_47.1,2024-08-03,27.084216054280603,0.001300925475788972
39.7_47.0,2024-08-03,26.901436106363974,0.001300925475788972
39.9_48.9,2024-08-03,24.503975168863974,0.001300925475788972
40.0_48.8,2024-08-03,24.46499404907229,0.001300925475788972
39.5_47.0,2024-08-04,27.151066716512048,0.3616809844970703
39.6_47.1,2024-08-04,27.319198226928734,0.261157751083374
39.7_47.0,2024-08-04,27.193058904012048,0.12880563735961914
39.9_48.9,2024-08-04,25.43044497172042,0.7357001304626465
40.0_48.8,2024-08-04,25.653915023803734,0.5101263523101807
39.5_47.0,2024-08-05,24.70621261596682,4.35580313205719
39.6_47.1,2024-08-05,24.918289438883505,3.5499781370162964
39.7_47.0,2024-08-05,24.91275558471682,3.721460700035095
39.9_48.9,2024-08-05,23.611079152425134,5.580216646194458
40.0_48.8,2024-08-05,23.63882980346682,5.571901798248291
39.5_47.0,2024-08-06,24.1735772450765,1.1528730392456055
39.6_47.1,2024-08-06,24.4699639638265,0.6948411464691162
39.7_47.0,2024-08-06,24.273837661743187,1.7738938331604004
39.9_48.9,2024-08-06,23.640536880493187,0.07523596286773682
40.0_48.8,2024-08-06,23.454501724243187,0.2017766237258911
39.5_47.0,2024-08-07,24.985389328002952,0.3994405269622803
39.6_47.1,2024-08-07,25.230018234252952,0.1863539218902588
39.7_47.0,2024-08-07,24.888139979044638,0.33614039421081543
39.9_48.9,2024-08-07,24.417274093627952,0.13628602027893066
40.0_48.8,2024-08-07,24.236528650919638,0.22670626640319824
39.5_47.0,2024-08-08,25.546702957153343,0.0
39.6_47.1,2024-08-08,25.76903368632003,0.0
39.7_47.0,2024-08-08,25.590892410278343,0.0
39.9_48.9,2024-08-08,23.831452306111657,0.22137165069580078
40.0_48.8,2024-08-08,23.728099441528343,0.0959932804107666
39.5_47.0,2024-08-09,25.25297063191732,0.0
39.6_47.1,2024-08-09,25.53666203816732,0.0
39.7_47.0,2024-08-09,25.329549407959007,0.0
39.9_48.9,2024-08-09,23.426717376709007,9.5367431640625E-4
40.0_48.8,2024-08-09,23.361206309000693,5.811452865600586E-4
39.5_47.0,2024-08-10,26.23564809163412,0.0
39.6_47.1,2024-08-10,26.451631164550804,0.0
39.7_47.0,2024-08-10,26.26966501871749,0.0
39.9_48.9,2024-08-10,24.146943664550804,0.0
40.0_48.8,2024-08-10,24.07484079996749,4.470348358154297E-5
39.5_47.0,2024-08-11,26.77467053731283,8.583068797918258E-4
39.6_47.1,2024-08-11,26.958427047729515,8.583068797918258E-4
39.7_47.0,2024-08-11,26.7796347300212,8.583068797918258E-4
39.9_48.9,2024-08-11,25.40333264668783,0.00172257422903499
40.0_48.8,2024-08-11,25.366630172729515,8.583068797918258E-4
39.5_47.0,2024-08-12,23.913003540039085,0.009247660631928056
39.6_47.1,2024-08-12,24.041177368164085,0.006133317942413896
39.7_47.0,2024-08-12,23.9184560139974,8.583068797918258E-4
39.9_48.9,2024-08-12,21.015054321289085,0.7536798715541693
40.0_48.8,2024-08-12,20.968179321289085,1.0441780090282293
39.5_47.0,2024-08-13,22.302508926391624,0.036403536796569824
39.6_47.1,2024-08-13,22.34018796284994,0.016942620277404785
39.7_47.0,2024-08-13,22.252948379516624,0.0021010637283325195
39.9_48.9,2024-08-13,19.94614499409994,0.01862645149230957
40.0_48.8,2024-08-13,19.820575332641624,0.03014504909515381
39.5_47.0,2024-08-14,21.863594945271814,0.0
39.6_47.1,2024-08-14,22.0580936431885,0.0
39.7_47.0,2024-08-14,21.8754764556885,0.0
39.9_48.9,2024-08-14,19.983549372355185,0.023365020751953125
40.0_48.8,2024-08-14,19.846830622355185,0.020951032638549805
39.5_47.0,2024-08-15,22.83160298665365,0.0
39.6_47.1,2024-08-15,23.034890747070335,0.0
39.7_47.0,2024-08-15,22.82484842936202,0.0
39.9_48.9,2024-08-15,21.179666137695335,0.7026493549346924
40.0_48.8,2024-08-15,21.10919087727865,0.5222856998443604
39.5_47.0,2024-08-16,23.096374766031943,8.583068797918258E-4
39.6_47.1,2024-08-16,23.36216252644857,8.583068797918258E-4
39.7_47.0,2024-08-16,23.110616302490257,8.583068797918258E-4
39.9_48.9,2024-08-16,21.17783635457357,8.583068797918258E-4
40.0_48.8,2024-08-16,21.062276458740257,8.583068797918258E-4
39.5_47.0,2024-08-17,23.403341547648154,0.0
39.6_47.1,2024-08-17,23.670350011189782,0.0
39.7_47.0,2024-08-17,23.389262771606468,0.0
39.9_48.9,2024-08-17,21.626648839314782,0.0
40.0_48.8,2024-08-17,21.507182693481468,0.0
39.5_47.0,2024-08-18,24.669438934326195,8.583068833445395E-4
39.6_47.1,2024-08-18,24.857915496826195,8.583068833445395E-4
39.7_47.0,2024-08-18,24.677495574951195,8.583068833445395E-4
39.9_48.9,2024-08-18,23.72673060099288,8.583068833445395E-4
40.0_48.8,2024-08-18,23.51896692911788,8.583068833445395E-4
39.5_47.0,2024-08-19,26.134800211588583,0.0
39.6_47.1,2024-08-19,26.308302815755212,0.0
39.7_47.0,2024-08-19,26.106317138671898,0.0
39.9_48.9,2024-08-19,24.942498779296898,0.0
40.0_48.8,2024-08-19,24.849481201171898,0.0
39.5_47.0,2024-08-20,27.255625025431357,8.55760788454063E-4
39.6_47.1,2024-08-20,27.394541041056357,8.55760788454063E-4
39.7_47.0,2024-08-20,27.262705103556357,8.55760788454063E-4
39.9_48.9,2024-08-20,26.60263023376467,8.55760788454063E-4
40.0_48.8,2024-08-20,26.40927085876467,8.55760788454063E-4
39.5_47.0,2024-08-21,28.525231297810876,-4.342268766777124E-7
39.6_47.1,2024-08-21,28.631351089477562,-4.342268766777124E-7
39.7_47.0,2024-08-21,28.544681167602562,-4.342268766777124E-7
39.9_48.9,2024-08-21,27.533043797810876,-4.342268766777124E-7
40.0_48.8,2024-08-21,27.438968276977562,-4.342268766777124E-7
39.5_47.0,2024-08-22,29.834825134277366,0.0024315206701430725
39.6_47.1,2024-08-22,29.91205495198568,0.0025209276373061584
39.7_47.0,2024-08-22,29.857204691569052,0.006380328386512701
39.9_48.9,2024-08-22,28.69110768636068,0.001284131258216803
40.0_48.8,2024-08-22,28.653428649902366,0.001284131258216803
39.5_47.0,2024-08-23,28.70561243693038,4.039900202656099
39.6_47.1,2024-08-23,28.92533899943038,3.8604753207209797
39.7_47.0,2024-08-23,28.88114954630538,3.2807307433131427
39.9_48.9,2024-08-23,27.68160527547201,0.20161439886123844
40.0_48.8,2024-08-23,27.73946660359701,0.14451314916641422
39.5_47.0,2024-08-24,27.554546610514365,0.16614794731140137
39.6_47.1,2024-08-24,27.782818094889365,0.19875168800354004
39.7_47.0,2024-08-24,27.581890360514365,0.16435980796813965
39.9_48.9,2024-08-24,27.477642313639365,0.06854534149169922
40.0_48.8,2024-08-24,27.360129292805993,0.01582503318786621
39.5_47.0,2024-08-25,26.248874918619833,8.52346317969932E-4
39.6_47.1,2024-08-25,26.504083251953148,8.52346317969932E-4
39.7_47.0,2024-08-25,26.225111897786462,8.52346317969932E-4
39.9_48.9,2024-08-25,26.131199137369833,8.52346317969932E-4
40.0_48.8,2024-08-25,26.007419840494833,8.52346317969932E-4
39.5_47.0,2024-08-26,26.733942286173544,0.0
39.6_47.1,2024-08-26,27.10169944763186,0.0
39.7_47.0,2024-08-26,26.752659734090173,0.0
39.9_48.9,2024-08-26,26.89344749450686,0.002682209014892578
40.0_48.8,2024-08-26,26.738499577840173,0.00903010368347168
39.5_47.0,2024-08-27,26.986253356933616,0.0903010368347168
39.6_47.1,2024-08-27,27.278977966308616,0.030249357223510742
39.7_47.0,2024-08-27,27.116380310058616,0.05179643630981445
39.9_48.9,2024-08-27,26.649013773600302,0.0
40.0_48.8,2024-08-27,26.60620778401693,0.0
39.5_47.0,2024-08-28,27.93671315511068,0.0633537769267889
39.6_47.1,2024-08-28,28.057888285319052,0.1281142234752508
39.7_47.0,2024-08-28,27.94110768636068,0.09145736693838558
39.9_48.9,2024-08-28,26.480983988444052,8.583068797918258E-4
40.0_48.8,2024-08-28,26.40741628011068,8.583068797918258E-4
39.5_47.0,2024-08-29,27.006038920084677,8.52346317969932E-4
39.6_47.1,2024-08-29,26.95729217529299,0.02350211133261837
39.7_47.0,2024-08-29,27.03981170654299,0.025439262287818565
39.9_48.9,2024-08-29,25.62989959716799,0.01655817021628536
40.0_48.8,2024-08-29,25.41749725341799,0.006991624729835166
39.5_47.0,2024-08-30,26.373025512695335,0.22111833095550537
39.6_47.1,2024-08-30,26.66534322102865,0.02205371856689453
39.7_47.0,2024-08-30,26.58778788248702,0.025019049644470215
39.9_48.9,2024-08-30,26.11065572102865,0.0
40.0_48.8,2024-08-30,25.995584106445335,0.0
39.5_47.0,2024-08-31,27.207400258382165,0.002148747341834678
39.6_47.1,2024-08-31,27.410606638590536,0.002148747341834678
39.7_47.0,2024-08-31,27.272911326090536,0.002148747341834678
39.9_48.9,2024-08-31,27.289187367757165,0.002148747341834678
40.0_48.8,2024-08-31,27.135704294840536,0.002148747341834678
39.5_47.0,2024-09-01,27.348006184895837,0.029432773544613156
39.6_47.1,2024-09-01,27.43793131510421,0.019404292061153683
39.7_47.0,2024-09-01,27.410506184895837,0.03873109812957409
39.9_48.9,2024-09-01,25.585961914062523,8.523463748133508E-4
40.0_48.8,2024-09-01,25.537459309895837,8.523463748133508E-4
39.5_47.0,2024-09-02,27.06578089396163,0.9053587913463446
39.6_47.1,2024-09-02,27.36965459187826,0.5414426326701971
39.7_47.0,2024-09-02,27.20608037312826,0.6890237331340643
39.9_48.9,2024-09-02,26.65163701375326,0.10185837745169124
40.0_48.8,2024-09-02,26.52867151896163,0.08704662322500667
39.5_47.0,2024-09-03,24.487774149576865,1.4555335044406092
39.6_47.1,2024-09-03,24.711895243326865,0.6641626357577479
39.7_47.0,2024-09-03,24.66851959228518,0.7977962493441737
39.9_48.9,2024-09-03,23.65558013916018,0.357705354645077
40.0_48.8,2024-09-03,23.58233795166018,0.4384696483157313
39.5_47.0,2024-09-04,24.534044520060263,0.0010162590911022562
39.6_47.1,2024-09-04,24.792345301310263,0.025901198284827842
39.7_47.0,2024-09-04,24.576280848185263,0.07783174504538692
39.9_48.9,2024-09-04,24.477078374226892,4.351138045421976E-4
40.0_48.8,2024-09-04,24.324409103393577,4.351138045421976E-4
39.5_47.0,2024-09-05,24.38042475382491,0.0020712614059448242
39.6_47.1,2024-09-05,24.557263946533226,0.0
39.7_47.0,2024-09-05,24.42461420694991,0.0
39.9_48.9,2024-09-05,22.43926264444991,0.0
40.0_48.8,2024-09-05,22.39645665486654,0.0
39.5_47.0,2024-09-06,22.099719619751,0.0
39.6_47.1,2024-09-06,22.072131729126,0.0
39.7_47.0,2024-09-06,22.040067927042685,0.0
39.9_48.9,2024-09-06,20.013456598917685,0.0
40.0_48.8,2024-09-06,19.868518447876,0.0
39.5_47.0,2024-09-07,20.933166758219443,0.0
39.6_47.1,2024-09-07,20.948140716552757,0.0
39.7_47.0,2024-09-07,20.879944101969443,0.0
39.9_48.9,2024-09-07,19.323547617594443,0.0
40.0_48.8,2024-09-07,19.15891545613607,0.0
39.5_47.0,2024-09-08,21.617330169677757,0.01296912233783587
39.6_47.1,2024-09-08,21.689026133219443,0.0026277164693055965
39.7_47.0,2024-09-08,21.596822357177757,0.0025979141469179012
39.9_48.9,2024-09-08,20.503723398844443,0.0017038444752870419
40.0_48.8,2024-09-08,20.32395451863607,0.0017038444752870419
39.5_47.0,2024-09-09,21.44784825642904,0.8147239684603846
39.6_47.1,2024-09-09,21.584485626220726,0.7119655608676112
39.7_47.0,2024-09-09,21.49887364705404,0.6981372832797206
39.9_48.9,2024-09-09,21.751233673095726,0.13317465777618054
40.0_48.8,2024-09-09,21.563733673095726,0.2077400683901942
39.5_47.0,2024-09-10,23.267346954345726,1.882311842564377
39.6_47.1,2024-09-10,23.02279942830404,2.896514675740036
39.7_47.0,2024-09-10,23.25693028767904,2.338138363484177
39.9_48.9,2024-09-10,22.15976231892904,1.005527517918381
40.0_48.8,2024-09-10,21.98031895955404,1.20946481001738
39.5_47.0,2024-09-11,25.170775985717796,0.0037729739119640726
39.6_47.1,2024-09-11,25.069132105509482,0.004279613392554893
39.7_47.0,2024-09-11,25.158487574259482,0.003713369267188682
39.9_48.9,2024-09-11,23.758829371134482,8.52346317969932E-4
40.0_48.8,2024-09-11,23.652953720092796,8.52346317969932E-4
39.5_47.0,2024-09-12,25.54882647196456,0.38293600073302514
39.6_47.1,2024-09-12,25.553302383422874,0.38934350004637963
39.7_47.0,2024-09-12,25.55118649800619,0.435179471878655
39.9_48.9,2024-09-12,24.54150225321456,8.70227722771233E-4
40.0_48.8,2024-09-12,24.40893389383956,8.70227722771233E-4
39.5_47.0,2024-09-13,24.544888432820642,0.0017285346416429093
39.6_47.1,2024-09-13,24.508999760945642,0.011056661548991542
39.7_47.0,2024-09-13,24.506070073445642,0.04094839090384994
39.9_48.9,2024-09-13,23.389777755737327,0.0017285346416429093
40.0_48.8,2024-09-13,23.227831141154013,0.0017285346416429093
39.5_47.0,2024-09-14,24.69337170918783,4.351138045421976E-4
39.6_47.1,2024-09-14,24.694999313354515,4.351138045421976E-4
39.7_47.0,2024-09-14,24.637870407104515,4.351138045421976E-4
39.9_48.9,2024-09-14,23.63087170918783,4.351138045421976E-4
40.0_48.8,2024-09-14,23.453300094604515,4.351138045421976E-4
39.5_47.0,2024-09-15,23.37026939392092,0.002989363736105588
39.6_47.1,2024-09-15,23.459543482462607,0.002989363736105588
39.7_47.0,2024-09-15,23.325184758504236,0.002989363736105588
39.9_48.9,2024-09-15,22.752674992879236,0.002989363736105588
40.0_48.8,2024-09-15,22.57339439392092,0.002989363736105588
39.5_47.0,2024-09-16,23.029491043090843,4.440538710070996E-4
39.6_47.1,2024-09-16,23.13927294413253,4.440538710070996E-4
39.7_47.0,2024-09-16,22.990672683715843,4.440538710070996E-4
39.9_48.9,2024-09-16,22.480744298299157,4.440538710070996E-4
40.0_48.8,2024-09-16,22.282420730590843,4.440538710070996E-4
39.5_47.0,2024-09-17,21.674677149454794,2.4212896823883057
39.6_47.1,2024-09-17,21.73384056091311,2.8030872344970703
39.7_47.0,2024-09-17,21.753697331746423,2.441003918647766
39.9_48.9,2024-09-17,22.108921941121423,0.0
40.0_48.8,2024-09-17,21.94380149841311,0.0
39.5_47.0,2024-09-18,19.782362874348962,0.0013798475038129254
39.6_47.1,2024-09-18,19.806125895182333,8.583068620282575E-4
39.7_47.0,2024-09-18,19.691217041015648,8.583068620282575E-4
39.9_48.9,2024-09-18,18.545790608723962,8.583068620282575E-4
40.0_48.8,2024-09-18,18.376682535807333,8.583068620282575E-4
39.5_47.0,2024-09-19,18.151248550415062,0.002592914370325161
39.6_47.1,2024-09-19,18.195193862915062,0.002592914370325161
39.7_47.0,2024-09-19,18.086551284790062,0.002592914370325161
39.9_48.9,2024-09-19,16.922163263956747,0.002592914370325161
40.0_48.8,2024-09-19,16.726769383748376,0.002592914370325161
39.5_47.0,2024-09-20,17.990223185221396,-1.16921228254796E-5
39.6_47.1,2024-09-20,18.17536315917971,-1.16921228254796E-5
39.7_47.0,2024-09-20,17.969633992513025,-1.16921228254796E-5
39.9_48.9,2024-09-20,18.299467976888025,-1.16921228254796E-5
40.0_48.8,2024-09-20,18.239490763346396,-1.16921228254796E-5
39.5_47.0,2024-09-21,18.83232142130538,0.0012904405366498395
39.6_47.1,2024-09-21,19.00387090047201,0.0012904405366498395
39.7_47.0,2024-09-21,18.824346160888695,0.0012904405366498395
39.9_48.9,2024-09-21,17.77584355672201,0.0012904405366498395
40.0_48.8,2024-09-21,17.57304407755538,0.0012904405366498395
39.5_47.0,2024-09-22,19.80730781555178,4.351138045421976E-4
39.6_47.1,2024-09-22,19.97552070617678,4.351138045421976E-4
39.7_47.0,2024-09-22,19.795426305135095,4.351138045421976E-4
39.9_48.9,2024-09-22,19.753434117635095,4.351138045421976E-4
40.0_48.8,2024-09-22,19.612809117635095,4.351138045421976E-4
39.5_47.0,2024-09-23,20.014833704630576,8.65351637457934E-4
39.6_47.1,2024-09-23,20.241640345255576,8.65351637457934E-4
39.7_47.0,2024-09-23,20.03298149108889,8.65351637457934E-4
39.9_48.9,2024-09-23,19.120221074422204,8.65351637457934E-4
40.0_48.8,2024-09-23,19.146425501505576,8.65351637457934E-4
39.5_47.0,2024-09-24,19.101244862874353,8.516840921402036E-4
39.6_47.1,2024-09-24,19.14144668579104,8.516840921402036E-4
39.7_47.0,2024-09-24,19.066414133707724,8.516840921402036E-4
39.9_48.9,2024-09-24,17.203539784749353,8.516840921402036E-4
40.0_48.8,2024-09-24,17.147387440999353,8.516840921402036E-4
39.5_47.0,2024-09-25,18.27345682779952,0.0
39.6_47.1,2024-09-25,18.24139302571615,0.0
39.7_47.0,2024-09-25,18.22625630696615,0.0
39.9_48.9,2024-09-25,15.96673482259115,0.0
40.0_48.8,2024-09-25,15.938577270507835,0.0
39.5_47.0,2024-09-26,20.044088617960654,0.0
39.6_47.1,2024-09-26,20.021871821085654,0.0
39.7_47.0,2024-09-26,19.934225336710654,0.0
39.9_48.9,2024-09-26,18.139384841918968,0.0
40.0_48.8,2024-09-26,18.012757237752282,0.0
39.5_47.0,2024-09-27,19.28078168233236,0.0013013165585107345
39.6_47.1,2024-09-27,19.24733441670736,0.0013013165585107345
39.7_47.0,2024-09-27,19.21950238545736,0.0013013165585107345
39.9_48.9,2024-09-27,17.562438583374046,0.0013013165585107345
40.0_48.8,2024-09-27,17.424010848999046,0.0013013165585107345
39.5_47.0,2024-09-28,19.716750081380212,-7.895835096860537E-6
39.6_47.1,2024-09-28,19.665236409505212,-7.895835096860537E-6
39.7_47.0,2024-09-28,19.579868570963583,-7.895835096860537E-6
39.9_48.9,2024-09-28,18.470168050130212,-7.895835096860537E-6
40.0_48.8,2024-09-28,18.298293050130212,-7.895835096860537E-6
39.5_47.0,2024-09-29,19.768012619018577,4.351138045421976E-4
39.6_47.1,2024-09-29,19.695258712768577,4.351138045421976E-4
39.7_47.0,2024-09-29,19.738227462768577,4.351138045421976E-4
39.9_48.9,2024-09-29,18.360216395060263,4.351138045421976E-4
40.0_48.8,2024-09-29,18.309516525268577,4.351138045421976E-4
39.5_47.0,2024-09-30,20.575681304931663,0.0017128930380749807
39.6_47.1,2024-09-30,20.584795888264978,0.0017128930380749807
39.7_47.0,2024-09-30,20.598142242431663,0.0017128930380749807
39.9_48.9,2024-09-30,20.040036773681663,0.0017128930380749807
40.0_48.8,2024-09-30,19.952471669514978,0.0017128930380749807
39.5_47.0,2024-10-01,19.330665206909202,0.0
39.6_47.1,2024-10-01,19.350603357950888,0.0
39.7_47.0,2024-10-01,19.270362472534202,0.0
39.9_48.9,2024-10-01,19.001563644409202,0.0
40.0_48.8,2024-10-01,18.847592290242517,0.0
39.5_47.0,2024-10-02,16.958032226562523,8.52346317969932E-4
39.6_47.1,2024-10-02,17.149194335937523,8.52346317969932E-4
39.7_47.0,2024-10-02,16.893823242187523,8.52346317969932E-4
39.9_48.9,2024-10-02,18.244734700520837,8.52346317969932E-4
40.0_48.8,2024-10-02,18.09149576822921,8.52346317969932E-4
39.5_47.0,2024-10-03,15.871266301472986,0.002157955123038846
39.6_47.1,2024-10-03,16.098642603556357,0.002157955123038846
39.7_47.0,2024-10-03,15.775237655639671,0.002157955123038846
39.9_48.9,2024-10-03,16.569996770222986,0.002157955123038846
40.0_48.8,2024-10-03,16.435231145222986,0.002157955123038846
39.5_47.0,2024-10-04,16.81918106079104,4.372209332359489E-4
39.6_47.1,2024-10-04,17.027514394124353,4.372209332359489E-4
39.7_47.0,2024-10-04,16.876635487874353,4.372209332359489E-4
39.9_48.9,2024-10-04,17.002205149332724,4.372209332359489E-4
40.0_48.8,2024-10-04,16.947517649332724,4.372209332359489E-4
39.5_47.0,2024-10-05,18.37473386128744,4.357596594672941E-4
39.6_47.1,2024-10-05,18.55279375712081,4.357596594672941E-4
39.7_47.0,2024-10-05,18.56060625712081,4.357596594672941E-4
39.9_48.9,2024-10-05,18.26348711649581,4.357596594672941E-4
40.0_48.8,2024-10-05,18.258441543579124,4.357596594672941E-4
39.5_47.0,2024-10-06,19.44740002950033,8.583068797918258E-4
39.6_47.1,2024-10-06,19.5959189097087,8.583068797918258E-4
39.7_47.0,2024-10-06,19.570121383667015,8.583068797918258E-4
39.9_48.9,2024-10-06,18.90687268575033,8.583068797918258E-4
40.0_48.8,2024-10-06,18.846732711792015,8.583068797918258E-4
39.5_47.0,2024-10-07,20.322469965616904,0.021204352378845215
39.6_47.1,2024-10-07,20.353801345825218,0.06760656833648682
39.7_47.0,2024-10-07,20.496379470825218,0.022113323211669922
39.9_48.9,2024-10-07,19.349895095825218,0.6317794322967529
40.0_48.8,2024-10-07,19.234742101033532,0.6298273801803589
39.5_47.0,2024-10-08,16.602620697021507,0.07561743257156195
39.6_47.1,2024-10-08,16.689453379313193,0.07999837396255316
39.7_47.0,2024-10-08,16.672689056396507,0.07217526433578314
39.9_48.9,2024-10-08,15.417317962646507,0.11714696881881537
40.0_48.8,2024-10-08,15.416260019938193,0.056752562500150816
39.5_47.0,2024-10-09,16.164351399739587,0.0
39.6_47.1,2024-10-09,16.146936035156273,0.0
39.7_47.0,2024-10-09,16.08630777994796,0.0
39.9_48.9,2024-10-09,13.947717285156273,0.0017285346984863281
40.0_48.8,2024-10-09,13.887007649739587,5.960464477539062E-4
39.5_47.0,2024-10-10,15.752436574300134,8.626447538517823E-4
39.6_47.1,2024-10-10,15.702631886800134,8.626447538517823E-4
39.7_47.0,2024-10-10,15.62198410034182,8.626447538517823E-4
39.9_48.9,2024-10-10,13.249262746175134,0.0043197141508244385
40.0_48.8,2024-10-10,13.208572642008505,0.007597969613470923
39.5_47.0,2024-10-11,16.558019892374716,0.038551457635094266
39.6_47.1,2024-10-11,16.46093330383303,7.323105251089146E-4
39.7_47.0,2024-10-11,16.40038642883303,0.0033698160564199497
39.9_48.9,2024-10-11,13.88183174133303,2.1536266103794333E-6
40.0_48.8,2024-10-11,13.709793980916345,2.1536266103794333E-6
39.5_47.0,2024-10-12,14.633959070841513,0.0
39.6_47.1,2024-10-12,14.230638758341513,0.0
39.7_47.0,2024-10-12,14.389737065633142,0.0
39.9_48.9,2024-10-12,10.184252039591513,0.0
40.0_48.8,2024-10-12,10.176846440633142,0.0
39.5_47.0,2024-10-13,12.566541290283226,7.075081705011144
39.6_47.1,2024-10-13,12.298230743408226,6.9320007552278184
39.7_47.0,2024-10-13,12.403455352783226,7.147069214738622
39.9_48.9,2024-10-13,8.684705352783226,0.1564278592240953
40.0_48.8,2024-10-13,8.72311681111654,0.040422319329991296
39.5_47.0,2024-10-14,12.84535624186202,0.4519879817053152
39.6_47.1,2024-10-14,12.48036600748702,0.35273134699309594
39.7_47.0,2024-10-14,12.530252075195335,0.3057479857488943
39.9_48.9,2024-10-14,7.946674601237021,2.202278375534661
40.0_48.8,2024-10-14,7.971658325195335,1.8206596373602224
39.5_47.0,2024-10-15,13.084727859497093,3.989100456237793
39.6_47.1,2024-10-15,13.074636713663779,4.2438507080078125
39.7_47.0,2024-10-15,13.042247390747093,3.6554932594299316
39.9_48.9,2024-10-15,10.803152338663779,2.435743808746338
40.0_48.8,2024-10-15,10.836355463663779,2.2063255310058594
39.5_47.0,2024-10-16,11.495914713541708,1.4552296178322877
39.6_47.1,2024-10-16,11.689925130208337,1.2751788871270264
39.7_47.0,2024-10-16,11.418929036458337,1.7507047431450928
39.9_48.9,2024-10-16,9.516748046875023,1.9994945304375733
40.0_48.8,2024-10-16,9.361230468750023,2.248373724697217
39.5_47.0,2024-10-17,10.245918528238974,0.9548395871661342
39.6_47.1,2024-10-17,10.314522043863974,0.8344680070422328
39.7_47.0,2024-10-17,10.240221913655603,0.6844878196261561
39.9_48.9,2024-10-17,8.779203033447288,1.032131910278622
40.0_48.8,2024-10-17,8.628812408447288,0.7859796285174525
39.5_47.0,2024-10-18,7.932804361979208,0.4379928111006848
39.6_47.1,2024-10-18,7.936873372395837,0.4854381083418957
39.7_47.0,2024-10-18,7.821150716145837,0.4039883612563244
39.9_48.9,2024-10-18,5.937117513020837,4.428762197392189
40.0_48.8,2024-10-18,5.879500325520837,3.9905935524870983
39.5_47.0,2024-10-19,7.386185582478845,0.4463541603172416
39.6_47.1,2024-10-19,7.507360712687216,0.3188747263038749
39.7_47.0,2024-10-19,7.3780475616455305,0.2879399156654472
39.9_48.9,2024-10-19,5.590531285603845,1.3991940116966362
40.0_48.8,2024-10-19,5.6021686553955305,1.165543804177105
39.5_47.0,2024-10-20,7.105139032999716,1.1740207671664393
39.6_47.1,2024-10-20,7.2148395538330305,1.2903392314456141
39.7_47.0,2024-10-20,7.056799189249716,1.038181781723324
39.9_48.9,2024-10-20,5.972570673624716,3.905954956962887
40.0_48.8,2024-10-20,5.884924189249716,3.9412409066699183
39.5_47.0,2024-10-21,8.370955403645837,1.1687815189311834
39.6_47.1,2024-10-21,8.442081705729208,1.0939478874156805
39.7_47.0,2024-10-21,8.255965169270837,1.3074517250011297
39.9_48.9,2024-10-21,7.491235351562523,0.37232935428122005
40.0_48.8,2024-10-21,7.433943684895837,0.4224419593761297
39.5_47.0,2024-10-22,8.798259989420615,0.013488531067196163
39.6_47.1,2024-10-22,8.763998921712243,0.014382600738827023
39.7_47.0,2024-10-22,8.765382385253929,0.01465082164031628
39.9_48.9,2024-10-22,8.395183817545615,0.05398988719207409
40.0_48.8,2024-10-22,8.189047749837243,0.05789399142486218
39.5_47.0,2024-10-23,10.781763966878259,8.583068797918258E-4
39.6_47.1,2024-10-23,10.73155237833663,8.583068797918258E-4
39.7_47.0,2024-10-23,10.731715138753259,8.583068797918258E-4
39.9_48.9,2024-10-23,10.781031545003259,8.583068797918258E-4
40.0_48.8,2024-10-23,10.69517542521163,8.583068797918258E-4
39.5_47.0,2024-10-24,10.627454376220726,0.0019907951305242477
39.6_47.1,2024-10-24,10.702324167887411,0.00172257422903499
39.7_47.0,2024-10-24,10.50961583455404,0.0019162893245550094
39.9_48.9,2024-10-24,9.739921824137411,8.583068797918258E-4
40.0_48.8,2024-10-24,9.70883458455404,8.583068797918258E-4
39.5_47.0,2024-10-25,8.607373809814476,1.0054760670072938
39.6_47.1,2024-10-25,8.607048288981161,0.9433978294737244
39.7_47.0,2024-10-25,8.447868601481161,0.9876691793806458
39.9_48.9,2024-10-25,7.93631261189779,2.1293812488920594
40.0_48.8,2024-10-25,7.812696075439476,1.6998850798017884
39.5_47.0,2024-10-26,7.105523681640648,0.018033966114217037
39.6_47.1,2024-10-26,7.123508707682333,0.006142839481526607
39.7_47.0,2024-10-26,6.757379150390648,0.02761541276186108
39.9_48.9,2024-10-26,5.383925374348962,3.5610696613730397E-6
40.0_48.8,2024-10-26,5.210666910807333,4.826455324291601E-5
39.5_47.0,2024-10-27,6.051953887939476,0.0
39.6_47.1,2024-10-27,6.089795684814476,0.0
39.7_47.0,2024-10-27,5.7103197733561615,0.0
39.9_48.9,2024-10-27,5.869824981689476,4.917383193969727E-4
40.0_48.8,2024-10-27,5.693067169189476,8.642673492431641E-4
39.5_47.0,2024-10-28,8.723168309529626,0.3384053707122803
39.6_47.1,2024-10-28,8.711612319946312,0.2071857452392578
39.7_47.0,2024-10-28,8.572777684529626,0.2574324607849121
39.9_48.9,2024-10-28,8.298933283487997,1.1379271745681763
40.0_48.8,2024-10-28,8.191104507446312,0.7558465003967285
39.5_47.0,2024-10-29,11.468868509928427,0.06026029586791992
39.6_47.1,2024-10-29,11.499874369303427,0.0235140323638916
39.7_47.0,2024-10-29,11.515499369303427,0.13083219528198242
39.9_48.9,2024-10-29,9.660193379720056,0.026673078536987305
40.0_48.8,2024-10-29,9.704057312011741,0.053435564041137695
39.5_47.0,2024-10-30,9.362950261433923,0.0
39.6_47.1,2024-10-30,9.234125391642294,0.0
39.7_47.0,2024-10-30,9.253493881225609,0.0
39.9_48.9,2024-10-30,5.780349349975609,8.791685104370117E-4
40.0_48.8,2024-10-30,5.791742579142294,0.0
