anon_polygon_id,date,s2_ndvi,s2_evi,s2_ndwi
ROS1-18-0007,2024-04-01,0.4376912497260667,0.29023894284372165,-0.43330634080908315
ROS1-07-0018,2024-04-04,0.17426347482616092,0.04996877845800164,-0.2903016494340557
ROS1-13-0013,2024-04-04,0.29562871301955845,0.12430743205651189,-0.4010346419174664
ROS1-18-0007,2024-04-04,0.608411887078396,0.2768062450979424,-0.5767610542486713
ROS1-19-0022,2024-04-04,0.18263955677542743,0.057759489566560775,-0.29772288090503585
ROS1-18-0007,2024-04-06,0.5753300026382924,0.3375015876259079,-0.5538325469304388
ROS1-19-0022,2024-04-06,0.16849105323765187,0.07810247314603887,-0.2817403657254703
ROS1-07-0018,2024-04-07,0.17905663760471735,0.050665882047113066,-0.2809517963379346
ROS1-15-0006,2024-04-07,0.43916148842462843,0.19591445391243711,-0.509899413725671
ROS1-07-0018,2024-04-09,0.18507704928229007,0.06761453593241551,-0.27531810591441486
ROS1-13-0013,2024-04-09,0.300409140544359,0.16043639181692887,-0.378349732662069
ROS1-18-0007,2024-04-09,0.6397769923480513,0.3770378766734461,-0.605153485425277
ROS1-19-0022,2024-04-09,0.1747077578971451,0.0793141288533837,-0.2839467691968775
ROS1-15-0006,2024-04-09,0.37392161687859893,0.23259110213647124,-0.3838344051130897
ROS1-18-0007,2024-04-11,0.6446739175292828,0.42411944739175483,-0.5974080950213232
ROS1-19-0022,2024-04-11,0.17251529108921448,0.08397456521019343,-0.2691987547561559
ROS1-07-0018,2024-04-14,0.18691088900556355,0.156794328536445,-0.21522191242891617
ROS1-13-0013,2024-04-14,0.27025662386408017,0.16220709441975315,-0.33179562793665635
ROS1-18-0007,2024-04-14,0.6743626214368352,0.4748643291996516,-0.6175658763583523
ROS1-19-0022,2024-04-14,0.15710084103295074,0.06937800008103996,-0.24251285713690918
ROS1-18-0007,2024-04-14,0.6775129900706058,0.47498920719219834,-0.6212303107134007
ROS1-07-0018,2024-04-17,0.1999225646137798,0.09231958279247922,-0.2905702936754704
ROS1-15-0006,2024-04-19,0.5235974469900846,0.34749975614737166,-0.5102185435069001
ROS1-07-0018,2024-04-22,0.1910044467040359,0.0656987626429036,-0.2982576659940515
ROS1-15-0006,2024-04-22,0.6141700340479304,0.3184363460982175,-0.6016878364864762
ROS1-18-0007,2024-04-26,0.5400021261069499,0.5302207222739662,-0.5176484755668436
ROS1-19-0022,2024-04-26,0.17923463121225003,0.153064139112677,-0.22710484250752802
ROS1-15-0006,2024-05-02,0.556998760336324,0.36694251211999607,-0.5332849298299103
ROS1-07-0018,2024-05-02,0.21373438181278534,0.08412855487803249,-0.3009365974816393
ROS1-07-0018,2024-05-04,0.19352605252053476,0.08088441762701451,-0.29895949577293557
ROS1-13-0013,2024-05-04,0.41529182666648146,0.22021159076932398,-0.46275364694280374
ROS1-18-0007,2024-05-04,0.8477547429482359,0.5702704495516037,-0.7738790628657173
ROS1-19-0022,2024-05-04,0.1810801394737976,0.0854708815134711,-0.30583592965007583
ROS1-15-0006,2024-05-04,0.672504030656736,0.3663896843676153,-0.6469462848011323
ROS1-18-0007,2024-05-06,0.8553104972198622,0.6545538672704113,-0.7777400898631868
ROS1-19-0022,2024-05-06,0.16046870906091823,0.0847252260744291,-0.284266932524733
ROS1-07-0018,2024-05-07,0.20397817635008583,0.07756091209427031,-0.2962834557455583
ROS1-15-0006,2024-05-07,0.6231336395513011,0.32640550468346863,-0.604386482738326
ROS1-07-0018,2024-05-09,0.21861556881047767,0.09874079381243345,-0.30800128062573834
ROS1-13-0013,2024-05-09,0.4368221866365655,0.24159093187581893,-0.4788370845060478
ROS1-15-0006,2024-05-09,0.6309419958509458,0.3514980782197855,-0.6159891422939447
ROS1-18-0007,2024-05-11,0.8370684055359632,0.6804797699761375,-0.76136810042625
ROS1-19-0022,2024-05-11,0.16150948995455416,0.08020704774612461,-0.2847059326249335
ROS1-07-0018,2024-05-12,0.20967725335421633,0.1212374133351808,-0.2678927738411356
ROS1-15-0006,2024-05-12,0.6291381611278251,0.3842728161542387,-0.6089276723867781
ROS1-15-0006,2024-05-14,0.5444638591750071,0.4475999304971177,-0.5345759493817205
ROS1-15-0006,2024-05-17,0.6709712643506164,0.381464362130483,-0.6622832974802071
ROS1-07-0018,2024-05-19,0.24291546291835503,0.12080408177180466,-0.2895163783665062
ROS1-13-0013,2024-05-19,0.330530200762433,0.23513396388194524,-0.358598654423923
ROS1-18-0007,2024-05-21,0.8183966762615482,0.5987740412733559,-0.7429987670010776
ROS1-19-0022,2024-05-21,0.1628267765789602,0.08605876554764388,-0.28059449604582015
ROS1-07-0018,2024-05-22,0.29027831383489017,0.11088624654858532,-0.3611990426629176
ROS1-15-0006,2024-05-22,0.5454822132172209,0.34219030381286425,-0.548465055468776
ROS1-15-0006,2024-05-24,0.5543580685316984,0.31111573697392875,-0.5795688034624142
ROS1-07-0018,2024-05-24,0.25826846415854665,0.10921349197812451,-0.3422373144768805
ROS1-13-0013,2024-05-24,0.3405823759255595,0.17968164430710196,-0.4209756227074125
ROS1-18-0007,2024-05-24,0.8058290634336585,0.5235686238498051,-0.7381102968659045
ROS1-19-0022,2024-05-24,0.18963152929112911,0.09152467528444659,-0.30136502425348083
ROS1-15-0006,2024-05-24,0.5570959475693174,0.30991112372523116,-0.5852717680781173
ROS1-15-0006,2024-05-27,0.48165535551901545,0.16157138166511884,-0.4935917851750273
ROS1-19-0022,2024-05-29,0.20313568873103055,0.13724567805877871,-0.2611016985921114
ROS1-15-0006,2024-05-29,0.4469022776773988,0.27320203855491715,-0.48675142438710256
ROS1-07-0018,2024-06-01,0.32007072568813905,0.13765821305626444,-0.3858363996195111
ROS1-15-0006,2024-06-01,0.4103827218627717,0.22948193451916443,-0.4845224623587878
ROS1-07-0018,2024-06-03,0.2953209582198435,0.13857046436884343,-0.38597951253165874
ROS1-13-0013,2024-06-03,0.3692335393634143,0.19558716955970912,-0.4549598196753374
ROS1-18-0007,2024-06-03,0.6519339017880121,0.3660237107207881,-0.6394138181775738
ROS1-19-0022,2024-06-03,0.3612882923142638,0.15162936772289182,-0.4348935486089583
ROS1-18-0007,2024-06-05,0.5440007029680334,0.33546761290580535,-0.5722044547725061
ROS1-19-0022,2024-06-05,0.32473136003258846,0.15939135408026905,-0.4144790377539443
ROS1-07-0018,2024-06-06,0.34178636796260725,0.16775987294610323,-0.39840064399484454
ROS1-07-0018,2024-06-08,0.3051415618933399,0.1924392944654387,-0.3513077141796385
ROS1-19-0022,2024-06-10,0.5598469089763908,0.23854678918737557,-0.558611630970226
ROS1-07-0018,2024-06-11,0.34149900523262533,0.15679255783175666,-0.4474781341044692
ROS1-15-0006,2024-06-11,0.2792540036122729,0.1540663645407287,-0.42227320681645764
ROS1-13-0013,2024-06-13,0.3733422341064478,0.21228986124579266,-0.4294143317815973
ROS1-19-0022,2024-06-13,0.6287827456227724,0.43616605739133263,-0.5463106295749109
ROS1-15-0006,2024-06-13,0.22434986673860308,0.14662153883917745,-0.35701907946022393
ROS1-15-0006,2024-06-16,0.23916398777250986,0.10979326390361425,-0.4435897265130698
ROS1-18-0007,2024-06-18,0.20698187709763383,0.1075251560788255,-0.3492471985387196
ROS1-18-0007,2024-06-20,0.17035212768167143,0.09462748385067475,-0.34727094958600196
ROS1-19-0022,2024-06-20,0.8407756468984519,0.5805838941989505,-0.7315270198821721
ROS1-07-0018,2024-06-21,0.3420357721292141,0.1833280400367885,-0.3954415897068231
ROS1-07-0018,2024-06-23,0.31013963279833084,0.18811142940415387,-0.3736765678581663
ROS1-13-0013,2024-06-23,0.3988271718269286,0.20488210750761757,-0.4551572059815696
ROS1-18-0007,2024-06-23,0.2065799875255059,0.10985398752095622,-0.35743689907901455
ROS1-19-0022,2024-06-23,0.8366835319170834,0.5984599911833142,-0.7266510300135361
ROS1-18-0007,2024-06-25,0.19487076723369517,0.14642296906454538,-0.33937838606426635
ROS1-07-0018,2024-06-26,0.5060974621329037,0.3463003215587252,-0.5043512758153658
ROS1-15-0006,2024-06-26,0.23678131158316193,0.12365200672649455,-0.4138657787850576
ROS1-07-0018,2024-06-28,0.28925434010991263,0.1766238541248707,-0.376907551199787
ROS1-13-0013,2024-06-28,0.4640643146514528,0.23677652467378574,-0.5125173133852594
ROS1-18-0007,2024-06-28,0.16953534721645327,0.09988509030812208,-0.33872540115574995
ROS1-19-0022,2024-06-28,0.916199443668003,0.7103714757389744,-0.790133553407865
ROS1-07-0018,2024-07-01,0.30847116685573733,0.16827911197970657,-0.37244421326167076
ROS1-15-0006,2024-07-01,0.2173917547062621,0.11482966912572229,-0.3555634651022119
ROS1-07-0018,2024-07-03,0.2933040437594654,0.17664594505190098,-0.3503420179205121
ROS1-13-0013,2024-07-03,0.39492207533636514,0.21754635743325335,-0.4444810086752691
ROS1-18-0007,2024-07-03,0.18767700443912014,0.1075165975579473,-0.3459714995931164
ROS1-19-0022,2024-07-03,0.8560261330911877,0.6619783144091399,-0.7604532163708393
ROS1-15-0006,2024-07-03,0.2098692701703176,0.10684833062445952,-0.3618223553973182
ROS1-18-0007,2024-07-05,0.18805375957193068,0.12550107133974717,-0.3280110890192318
ROS1-07-0018,2024-07-06,0.29974713441203543,0.1415383182972867,-0.37231805302154214
ROS1-15-0006,2024-07-06,0.19332295732033622,0.09520957078309242,-0.3430415610733724
ROS1-18-0007,2024-07-08,0.2019488780105683,0.13529565181057712,-0.35401126108436803
ROS1-15-0006,2024-07-08,0.14968834120047278,0.12220908236117033,-0.29706928032938523
ROS1-19-0022,2024-07-10,0.8169233212647936,0.7542114968368699,-0.7375367445358041
ROS1-15-0006,2024-07-11,0.14642861136816665,0.11602498417534504,-0.303014669229313
ROS1-07-0018,2024-07-13,0.29687449803004073,0.15708888158134898,-0.37242981009208237
ROS1-13-0013,2024-07-13,0.4249182462007693,0.21752903709946397,-0.4868521106198341
ROS1-18-0007,2024-07-13,0.20975901769082878,0.13808476188853055,-0.36723074460086935
ROS1-19-0022,2024-07-13,0.867321574258089,0.7039572002739887,-0.7889941799662005
ROS1-15-0006,2024-07-13,0.15026937154756032,0.08327695374594409,-0.2850735530978613
ROS1-18-0007,2024-07-15,0.11142224967268287,0.0511165637645137,-0.22221533522702885
ROS1-19-0022,2024-07-15,0.853551712784401,0.7529786080380778,-0.7729343749224346
ROS1-07-0018,2024-07-16,0.30318927956765696,0.13516961297125316,-0.36512436971134016
ROS1-15-0006,2024-07-16,0.12627531091864655,0.06740727496679402,-0.2549102663537287
ROS1-07-0018,2024-07-18,0.2725447236048452,0.15488022080026947,-0.3206939973492662
ROS1-13-0013,2024-07-18,0.4106322917173267,0.22565202795094266,-0.45402852964981183
ROS1-18-0007,2024-07-18,0.09465446772629724,0.02192203141671373,-0.2293698731447698
ROS1-19-0022,2024-07-18,0.832543523446982,0.7053601343810968,-0.7481474476740213
ROS1-15-0006,2024-07-18,0.13963174860398658,0.08242058521384182,-0.2607720438180611
ROS1-18-0007,2024-07-20,0.07260871905761655,0.019960825327576124,-0.1782131412234617
ROS1-19-0022,2024-07-20,0.8326439757780477,0.7033132393360183,-0.7505392329619853
ROS1-07-0018,2024-07-21,0.3192127223520362,0.13544348864342945,-0.36169231534885127
ROS1-15-0006,2024-07-21,0.1245717179023537,0.07809096873752437,-0.24160610913029537
ROS1-18-0007,2024-07-25,0.1314074271631148,0.0641138736799298,-0.23939862123865016
ROS1-19-0022,2024-07-25,0.8435134898456328,0.7385387888654003,-0.7547806491863107
ROS1-15-0006,2024-07-26,0.13452970122055227,0.076480651455645,-0.24971144603778747
ROS1-07-0018,2024-07-28,0.39087629584084427,0.21765268727782972,-0.4053441932635743
ROS1-13-0013,2024-07-28,0.471054261415863,0.2508873479366208,-0.5085241916611679
ROS1-15-0006,2024-07-28,0.13668317027573348,0.07908028727169618,-0.25754321279106895
ROS1-19-0022,2024-07-30,0.8211583015264445,0.669816565179363,-0.7345445167041802
ROS1-07-0018,2024-07-31,0.4590927931812231,0.22063709849014024,-0.44921394739142567
ROS1-07-0018,2024-08-02,0.3748764249887682,0.22680416585788699,-0.38593362351716703
ROS1-13-0013,2024-08-02,0.38053387150485435,0.2280232647610058,-0.41170257779642067
ROS1-19-0022,2024-08-02,0.8214979160383152,0.6544079482384357,-0.731846168017669
ROS1-18-0007,2024-08-04,0.12951562640210554,0.07330664119536014,-0.21338284758782503
ROS1-19-0022,2024-08-04,0.5679133043722101,0.6349470439749377,-0.5262588696819349
ROS1-18-0007,2024-08-09,0.12695193561890603,0.06993762522782496,-0.2287388170802753
ROS1-19-0022,2024-08-09,0.8140716438106257,0.6612535046275547,-0.7210514105776531
ROS1-07-0018,2024-08-10,0.4178782533158088,0.1797087175163346,-0.4538556622408536
ROS1-07-0018,2024-08-12,0.38237288895398003,0.1857948657000107,-0.42610912795605294
ROS1-13-0013,2024-08-12,0.47667788248443005,0.231774074673649,-0.5273819785641858
ROS1-18-0007,2024-08-12,0.13702911098463308,0.11324413960354408,-0.22776893086465888
ROS1-19-0022,2024-08-12,0.813879543891109,0.6874779068335536,-0.7209872135017928
ROS1-18-0007,2024-08-14,0.1427806363971527,0.07570361511497099,-0.2540883697589739
ROS1-19-0022,2024-08-14,0.6592383437064788,0.6140298817144797,-0.6021479719155512
ROS1-07-0018,2024-08-15,0.39265922930167985,0.18050078485211393,-0.4099095017420285
ROS1-07-0018,2024-08-17,0.4067267515884316,0.21177324627090188,-0.4389989586307851
ROS1-13-0013,2024-08-17,0.44571284832778224,0.23950242569926644,-0.4866633943787148
ROS1-18-0007,2024-08-17,0.14680770436119864,0.0664361644281359,-0.27216821449867784
ROS1-19-0022,2024-08-17,0.8129600342629338,0.6301728183092815,-0.7190647609940559
ROS1-15-0006,2024-08-17,0.1505870791423635,0.07036851477739518,-0.27886622735982014
ROS1-19-0022,2024-08-19,0.7724953418145092,0.5809082681018886,-0.6854577112756532
ROS1-18-0007,2024-08-19,0.1452466312011223,0.07231362871209718,-0.26176523305287835
ROS1-07-0018,2024-08-20,0.45969428908359605,0.2131438739013293,-0.485926492846385
ROS1-15-0006,2024-08-20,0.14103239992719568,0.06223312573192325,-0.2678644999335844
ROS1-07-0018,2024-08-22,0.42084396528686496,0.23108532959741898,-0.4497034289024115
ROS1-13-0013,2024-08-22,0.4182244149237108,0.21244174400528607,-0.4785030043793497
ROS1-18-0007,2024-08-22,0.1186213694601959,0.042545635308780805,-0.22910625895301173
ROS1-19-0022,2024-08-22,0.7596786014806861,0.5024388748730028,-0.6794655835771435
ROS1-15-0006,2024-08-22,0.1362860828687187,0.06153462691229851,-0.257252779282596
ROS1-18-0007,2024-08-24,0.14190506726135557,0.06373857896217285,-0.2754977119236556
ROS1-07-0018,2024-08-25,0.48517388078323986,0.23008722459331743,-0.5071384624343509
ROS1-15-0006,2024-08-25,0.12772069366729974,0.05691686099001812,-0.24340332476344884
ROS1-15-0006,2024-08-27,0.13915720713690297,0.06766481277957324,-0.2505622434218456
ROS1-18-0007,2024-08-29,0.12587946272438483,0.05708112195487966,-0.2561235419600194
ROS1-07-0018,2024-08-30,0.34753213985852643,0.2790354976445133,-0.3819856482627757
ROS1-15-0006,2024-08-30,0.1346949861943345,0.06347878392376768,-0.2423193662179631
ROS1-07-0018,2024-09-01,0.46763546220027447,0.32901536879865345,-0.46605458231105823
ROS1-18-0007,2024-09-01,0.10835254524658432,0.035390017341807016,-0.22964984980701877
ROS1-19-0022,2024-09-01,0.5824904851495022,0.49505022049049,-0.564221401684591
ROS1-15-0006,2024-09-01,0.13496120129171177,0.06235055811417428,-0.2602505236325542
ROS1-18-0007,2024-09-03,0.14074215606190152,0.06092766119846669,-0.2730516014563928
ROS1-19-0022,2024-09-03,0.5355533838923374,0.36544305811585276,-0.5676496879101286
ROS1-15-0006,2024-09-04,0.1741327754676018,0.12555294851825824,-0.25009379612722693
ROS1-07-0018,2024-09-06,0.547145388583133,0.388939077679226,-0.5488660274881402
ROS1-13-0013,2024-09-06,0.4478682490352333,0.2312746805254312,-0.5059719449273905
ROS1-18-0007,2024-09-06,0.1500123027831545,0.06628382441037735,-0.2627863637920813
ROS1-19-0022,2024-09-06,0.49326990603834314,0.31000174044073087,-0.5526521587544352
ROS1-15-0006,2024-09-06,0.15186847825041616,0.07289721731847855,-0.27296330646435335
ROS1-18-0007,2024-09-08,0.14509566393139087,0.0633921426551708,-0.2787363918802431
ROS1-19-0022,2024-09-08,0.4385896553119984,0.29346516242080856,-0.5226183852470314
ROS1-15-0006,2024-09-09,0.13116240213096736,0.06166669910195147,-0.2428348474855383
ROS1-07-0018,2024-09-11,0.5456678148782099,0.3843640644680554,-0.5321118667400988
ROS1-18-0007,2024-09-11,0.13689259369379586,0.058054602221968586,-0.26375334030309205
ROS1-18-0007,2024-09-13,0.14313455366993996,0.06667901292305672,-0.27398691902384475
ROS1-19-0022,2024-09-13,0.31639628916823603,0.22120548652175717,-0.4608701002615704
ROS1-07-0018,2024-09-14,0.5884878726897481,0.38546299882246704,-0.5803348568260204
ROS1-15-0006,2024-09-14,0.13614683024610313,0.05678246938811726,-0.26566560852078686
ROS1-07-0018,2024-09-16,0.5741675875835754,0.38418180095857374,-0.567970844996464
ROS1-13-0013,2024-09-16,0.4411536117714178,0.2329997919399824,-0.5025562369656891
ROS1-18-0007,2024-09-16,0.1472958123724148,0.06879466069999306,-0.26338574821011335
ROS1-19-0022,2024-09-16,0.3170628623315747,0.2076480405895161,-0.49198551099277477
ROS1-15-0006,2024-09-16,0.14111286405290646,0.06553511061687506,-0.2615740588457547
ROS1-18-0007,2024-09-18,0.15009041442303994,0.07158363199856999,-0.2724371747373407
ROS1-19-0022,2024-09-18,0.3052599749889628,0.22764857713145795,-0.48903806173093095
ROS1-07-0018,2024-09-19,0.5840624722814254,0.38786023045670803,-0.5774483307519159
ROS1-15-0006,2024-09-19,0.15188437326500348,0.06554840834061255,-0.2854985223324503
ROS1-07-0018,2024-09-21,0.5455477067928227,0.3612352245535092,-0.5487136455240792
ROS1-13-0013,2024-09-21,0.43563336410214965,0.22309914607676123,-0.4963887818083826
ROS1-18-0007,2024-09-21,0.14458542563120577,0.06562376349041442,-0.267484519866511
ROS1-19-0022,2024-09-21,0.30296797524309826,0.19645180078426575,-0.4905146008121769
ROS1-15-0006,2024-09-21,0.13483469410044702,0.058017356440874676,-0.27053669448233636
ROS1-19-0022,2024-09-23,0.2657580112727621,0.19345338394544837,-0.45984452724467634
ROS1-07-0018,2024-09-24,0.5609296271508364,0.36493813971847766,-0.5482469525451344
ROS1-15-0006,2024-09-24,0.145783678024428,0.05989426426191185,-0.2858097484318249
ROS1-07-0018,2024-09-26,0.5370660811635246,0.3477839901598081,-0.5406504575149216
ROS1-13-0013,2024-09-26,0.43548938156186323,0.22265965038919716,-0.5019067216991244
ROS1-18-0007,2024-09-26,0.1417785811047503,0.0641075568946856,-0.2630994995259682
ROS1-19-0022,2024-09-26,0.27325982484235345,0.18101468323740905,-0.4839734399733446
ROS1-15-0006,2024-09-26,0.13780030164196244,0.06186936067923819,-0.2649536176393462
ROS1-18-0007,2024-09-28,0.15130075279055358,0.06775730830335341,-0.2798478847062008
ROS1-19-0022,2024-09-28,0.25314490263477446,0.17486466127477462,-0.47104232035211924
ROS1-07-0018,2024-09-29,0.5635160328455318,0.3369450555225595,-0.55786346148466
ROS1-15-0006,2024-09-29,0.1487553215768293,0.06332804276627059,-0.2877030037540585
ROS1-07-0018,2024-10-01,0.46665526261950724,0.3018637063328393,-0.4932744274208771
ROS1-13-0013,2024-10-01,0.41588237963888874,0.21554081243519788,-0.4887109287205826
ROS1-18-0007,2024-10-01,0.14458468998646684,0.0649149675599959,-0.27311003400054085
ROS1-19-0022,2024-10-01,0.22587193577535708,0.1934106101797179,-0.410410481184163
ROS1-15-0006,2024-10-01,0.14215884323712613,0.06370623914495603,-0.27849735430659833
ROS1-18-0007,2024-10-03,0.11824880318040358,0.07210238045128121,-0.2151532854159649
ROS1-19-0022,2024-10-03,0.1957332524465265,0.18056623699138083,-0.37665503742349005
ROS1-07-0018,2024-10-04,0.483836471861756,0.2966756381335073,-0.5025788673846568
ROS1-15-0006,2024-10-04,0.1241186463466096,0.05566148660390718,-0.2499339900522136
ROS1-07-0018,2024-10-06,0.4738086867347741,0.30288679534803464,-0.49636808050625164
ROS1-13-0013,2024-10-06,0.4115035176913934,0.2151003587558295,-0.4790306177453782
ROS1-18-0007,2024-10-06,0.14886051426559171,0.06466889022363964,-0.27360184766588025
ROS1-19-0022,2024-10-06,0.20587999844519705,0.1749082476981879,-0.4046742188851559
ROS1-15-0006,2024-10-06,0.13557091430533869,0.06129819691117219,-0.27069726612283834
ROS1-18-0007,2024-10-08,0.14625162837185796,0.06409730688702928,-0.27017038621337586
ROS1-19-0022,2024-10-08,0.21017501192731505,0.17953085125499696,-0.4110721707686058
ROS1-07-0018,2024-10-09,0.5524043615546402,0.29828176249439153,-0.5544883129916389
ROS1-15-0006,2024-10-09,0.12284419980784564,0.059568565152335703,-0.23327369230609063
ROS1-07-0018,2024-10-11,0.46508883250065813,0.27716206748505434,-0.4809535087859592
ROS1-13-0013,2024-10-11,0.3899947930728112,0.20105545107029163,-0.4486618221775263
ROS1-18-0007,2024-10-11,0.14061934580823418,0.05665550542294685,-0.2834934626901953
ROS1-19-0022,2024-10-11,0.20689362478598822,0.16946215186967428,-0.3974719617876027
ROS1-15-0006,2024-10-11,0.13897676427439246,0.055151196503202916,-0.28906010606894866
ROS1-13-0013,2024-10-16,0.36400838680457376,0.24254560809918446,-0.38316051169414994
ROS1-18-0007,2024-10-16,0.021860542071662218,0.018085616577218497,-0.0767682326407159
ROS1-15-0006,2024-10-21,0.04907324467159331,0.0401608131543864,-0.04819488624889006
ROS1-19-0022,2024-10-23,0.16445337559483444,0.10472556660610208,-0.2909952878289159
ROS1-07-0018,2024-10-24,0.3748424017674903,0.14247893543449786,-0.3179302317352561
ROS1-15-0006,2024-10-24,0.1738726077829124,0.045900285900860656,-0.359344511001811
ROS1-07-0018,2024-10-26,0.5158966696100316,0.27279111180758764,-0.5407846626307429
ROS1-13-0013,2024-10-26,0.5255888192823022,0.22788800466584516,-0.5754913542014944
ROS1-18-0007,2024-10-26,0.1685714485991503,0.061400864803589736,-0.2859499723986691
ROS1-19-0022,2024-10-26,0.17650447422480509,0.09836353119029549,-0.3554358596072061
ROS1-15-0006,2024-10-26,0.1727928465350989,0.05705052771546614,-0.3191873658742109
ROS1-18-0007,2024-10-28,0.1439201632099293,0.05939792297264187,-0.2548906671304524
ROS1-15-0006,2024-10-29,0.03268433230877124,0.047647559178529766,-0.039415762722845166
