anon_polygon_id,date,landsat_ndvi,landsat_evi,landsat_ndwi
ROS1-49-0013,2024-04-08,0.197843613395319,0.118844589883145,-0.3303590048366417
ROS1-49-0013,2024-05-10,0.18619850134962382,0.1032431132417275,-0.3401410121622924
ROS1-49-0013,2024-05-26,0.2344045826782928,0.13317395660355247,-0.3349404123238488
ROS1-49-0013,2024-07-13,0.1646697003485726,0.09776942326067535,-0.323321811639519
ROS1-49-0013,2024-07-29,0.16910912484937476,0.10597117677092648,-0.324350256001544
ROS1-49-0013,2024-08-14,0.15698158961724906,0.1206276162410972,-0.29952584436878904
ROS1-49-0013,2024-08-30,0.16606743627026438,0.09601794476024386,-0.31207731763296925
ROS1-49-0013,2024-09-15,0.17347782930992248,0.10195397820026594,-0.32067812496134057
ROS1-49-0013,2024-10-01,0.16342974238691546,0.08889545595213252,-0.3068702207312656
ROS1-42-0015,2024-04-08,0.2140754494525637,0.11348799810780509,-0.3396659767149938
ROS1-49-0013,2024-04-08,0.1968729325375753,0.11828320105269852,-0.327974352316381
ROS1-49-0013,2024-05-10,0.18597372288301184,0.1035162668529595,-0.33980453397350713
ROS1-49-0013,2024-05-26,0.23600631245504805,0.1384240072744643,-0.3378885196311922
ROS1-42-0015,2024-07-13,0.18013724778620216,0.10366527688507907,-0.3339704105082321
ROS1-49-0013,2024-07-13,0.16472836131226412,0.09810894211340306,-0.3227965851925739
ROS1-42-0015,2024-07-29,0.17284068295710692,0.09650401489829089,-0.32148349538038967
ROS1-49-0013,2024-07-29,0.16957402479155353,0.10659997505150924,-0.32397313742435474
ROS1-49-0013,2024-08-14,0.16175537412160595,0.12022604529889544,-0.3112328654988507
ROS1-42-0015,2024-08-30,0.15282644653313246,0.08313784443229122,-0.2750238054771315
ROS1-49-0013,2024-08-30,0.166348695046368,0.09608909918638645,-0.31252444728432094
ROS1-42-0015,2024-09-15,0.17536698347462426,0.09631371290932902,-0.3194311905602393
ROS1-49-0013,2024-09-15,0.17404765977899533,0.1022489812681461,-0.32104613153384215
ROS1-42-0015,2024-10-01,0.1737540448463867,0.09237088891985143,-0.3130991560934686
ROS1-49-0013,2024-10-01,0.1641368630077568,0.0892940901824288,-0.30753964782876725
ROS1-43-0027,2024-05-01,0.26009649108713945,0.09994877514224615,-0.38487293786311444
ROS1-49-0013,2024-05-17,0.1959338638432226,0.10894810814642063,-0.3500456699532776
ROS1-43-0027,2024-06-02,0.21578956027119622,0.12316512338787668,-0.3530092627188645
ROS1-49-0013,2024-06-02,0.19161783801793741,0.08715737096122742,-0.32558879851073114
ROS1-43-0027,2024-06-18,0.24080710986573103,0.13099898369956395,-0.374859087318036
ROS1-49-0013,2024-06-18,0.1897181906084335,0.10330983223239909,-0.34430323609872154
ROS1-43-0027,2024-07-20,0.1724801444283571,0.09412213493610075,-0.31051803682634865
ROS1-49-0013,2024-07-20,0.16859068587849713,0.09730569557967818,-0.3183778727985994
ROS1-43-0027,2024-08-05,0.18749993910436494,0.10510786467907629,-0.32927129822456574
ROS1-43-0027,2024-08-21,0.17223061371889273,0.09215218431713024,-0.31719126430769723
ROS1-49-0013,2024-08-21,0.1812964187631249,0.09853038832683257,-0.34726931913837683
ROS1-43-0027,2024-09-06,0.1849624900491282,0.0981738133917262,-0.3258362502913788
ROS1-49-0013,2024-09-06,0.17673628752510065,0.09361350784130072,-0.33578965672668365
ROS1-43-0027,2024-09-22,0.19137976573066012,0.09717448515949571,-0.3307463262855804
ROS1-49-0013,2024-09-22,0.18176261145217049,0.09925661627572457,-0.344027175662027
ROS1-43-0027,2024-10-24,0.18762895338887725,0.08381512959105143,-0.3293769961516684
ROS1-42-0015,2024-05-17,0.21107562527095244,0.12279606696563894,-0.3456776947426674
ROS1-42-0015,2024-06-02,0.2028217914277933,0.10657676450471287,-0.34561520501707965
ROS1-42-0015,2024-06-18,0.22476137423884085,0.0985911647923985,-0.3660248480871063
ROS1-42-0015,2024-07-04,0.18060715871112829,0.09960324031530557,-0.32437962948215454
ROS1-42-0015,2024-07-20,0.18068415020901402,0.10090914788475179,-0.32391273893727207
ROS1-42-0015,2024-08-21,0.18298449645553697,0.09493366645740546,-0.338424820814342
ROS1-42-0015,2024-09-06,0.1737571124616622,0.0894470171270258,-0.3227616415055671
ROS1-42-0015,2024-09-22,0.18051879229415985,0.09367927005489002,-0.3330797883613795
ROS1-42-0015,2024-10-08,0.19843942797154684,0.0975932323309614,-0.33181594397798747
ROS1-07-0002,2024-04-13,0.7987136396231532,0.5313391147348467,-0.7420030440571037
ROS1-07-0025,2024-04-13,0.8005225279828864,0.5227382703707365,-0.7406642090524825
ROS1-07-0025,2024-05-31,0.6038478286987906,0.4113754860765887,-0.6379960866223522
ROS1-07-0025,2024-06-16,0.6175987392835043,0.2412678412753635,-0.7632150558394631
ROS1-07-0002,2024-07-02,0.3079597727241657,0.18466111728043821,-0.4855346841801535
ROS1-07-0025,2024-07-02,0.2216422337743606,0.17689094531632038,-0.3860445193324795
ROS1-07-0002,2024-07-18,0.19449159466194882,0.12862906897451326,-0.327847391444222
ROS1-07-0025,2024-07-18,0.24557761145434487,0.1855808915073778,-0.4114972419407838
ROS1-07-0002,2024-08-03,0.17827723941964985,0.11558141576894744,-0.30899481366524645
ROS1-07-0025,2024-08-03,0.20796918432174458,0.08550771048060629,-0.3086917095027479
ROS1-07-0002,2024-08-19,0.18890850689132954,0.10597484689573711,-0.3032136243056418
ROS1-07-0025,2024-08-19,0.18328631984480112,0.07738956141794669,-0.2914176464551411
ROS1-07-0025,2024-09-04,0.20465087493030915,0.08997033380081643,-0.29086913009005094
ROS1-07-0002,2024-09-20,0.21951427335414395,0.1370200727105565,-0.3224211515001499
ROS1-07-0025,2024-09-20,0.17839825717460156,0.0707551921381832,-0.28535156474477363
ROS1-07-0002,2024-10-06,0.18466967671903534,0.09470384633077744,-0.2955188448853835
ROS1-07-0025,2024-10-06,0.170590251365968,0.06779040768929308,-0.279651876826939
ROS1-06-0000,2024-04-13,0.3240897813411101,0.15269959379870476,-0.36250017279360364
ROS1-06-0000,2024-04-29,0.5668736735527223,0.3315520124890865,-0.5030937225223879
ROS1-06-0000,2024-05-15,0.7434163845923359,0.38597057304651755,-0.5806888514898009
ROS1-06-0000,2024-05-31,0.6310832120344192,0.38744266806172634,-0.5444243249463531
ROS1-06-0000,2024-07-02,0.1870905805274591,0.0952733794642614,-0.2954274275160553
ROS1-06-0000,2024-07-18,0.18133028135842524,0.09783235398011253,-0.2794784525929981
ROS1-06-0000,2024-08-03,0.1867282913854786,0.09008189065843503,-0.2770853868632349
ROS1-06-0000,2024-08-19,0.17958196746199784,0.0831073303653139,-0.27391902477368835
ROS1-06-0000,2024-09-20,0.1789849664290572,0.09088776985517853,-0.2746071391518616
ROS1-06-0000,2024-10-06,0.18163016059607534,0.08239537079456072,-0.27579617974808374
ROS1-01-0036,2024-04-04,0.33088403796060883,0.12803411942168982,-0.4106308250775913
ROS1-07-0002,2024-04-04,0.7789271579501288,0.4578351648356321,-0.7286812366078732
ROS1-01-0045,2024-04-04,0.6890964053284901,0.36502542816238903,-0.6394982608921898
ROS1-02-0007,2024-04-04,0.765011545240405,0.4979009825497077,-0.7097462530460449
ROS1-06-0000,2024-04-04,0.24386670427181625,0.08573907669352117,-0.3347921072930318
ROS1-07-0025,2024-04-04,0.739295986197931,0.447944939487791,-0.7044197223546849
ROS1-08-0003,2024-04-04,0.2351984077726507,0.1046288230069768,-0.339419906599987
ROS1-01-0045,2024-04-20,0.7982816126385516,0.5083868444402126,-0.7155160585651036
ROS1-02-0007,2024-04-20,0.8643234972533393,0.5969488211801379,-0.7900925390720561
ROS1-06-0000,2024-04-20,0.4108321542210497,0.1907531350812659,-0.4226298295462173
ROS1-01-0036,2024-05-06,0.7408059541810411,0.500959424697853,-0.6916595222942438
ROS1-07-0002,2024-05-06,0.8751172087581164,0.6587221049215938,-0.8211906227278046
ROS1-02-0007,2024-05-06,0.8964325032685933,0.6393465231216708,-0.8276903309455758
ROS1-06-0000,2024-05-06,0.5404895164508109,0.27989245278136665,-0.5086256812793715
ROS1-07-0025,2024-05-06,0.80882789353646,0.5734382534242732,-0.7616746506935983
ROS1-08-0003,2024-05-06,0.23099880595353983,0.10426460393936855,-0.3224272108073984
ROS1-01-0036,2024-05-22,0.8016780110348977,0.5709989614147551,-0.7513780504156402
ROS1-07-0002,2024-05-22,0.8436607024435384,0.6434351361955112,-0.7863843227521158
ROS1-01-0045,2024-05-22,0.7611011567754294,0.4996879351881796,-0.703773452208431
ROS1-06-0000,2024-05-22,0.6354835967554782,0.353162574003482,-0.5650687640540994
ROS1-07-0025,2024-05-22,0.7636360930743726,0.5215376261948982,-0.7410508341463649
ROS1-08-0003,2024-05-22,0.24182908606013165,0.04713698715266238,-0.2526006298040615
ROS1-01-0036,2024-06-07,0.8064457703663221,0.597718099088213,-0.7538569901990305
ROS1-07-0002,2024-06-07,0.6044755958251053,0.41412861846246446,-0.651629866373249
ROS1-01-0045,2024-06-07,0.5001202865743924,0.3034641143314277,-0.578267648295023
ROS1-02-0007,2024-06-07,0.7435085015227607,0.464503258114272,-0.7246715611544857
ROS1-06-0000,2024-06-07,0.3566593031824414,0.21451993288739024,-0.4122121400047426
ROS1-07-0025,2024-06-07,0.43658523667847876,0.28709607122643643,-0.5708644679871984
ROS1-08-0003,2024-06-07,0.2528571331918773,0.12865153185474767,-0.35023487366579675
ROS1-01-0036,2024-06-23,0.7896169741818797,0.5883030501860902,-0.7466032896023539
ROS1-07-0002,2024-06-23,0.35656884283897095,0.2004578168580568,-0.5330987518169619
ROS1-01-0045,2024-06-23,0.3384231097211451,0.17180554633071,-0.4517321821639939
ROS1-02-0007,2024-06-23,0.3519002304764299,0.15478616057853714,-0.5005522538138455
ROS1-07-0025,2024-06-23,0.2975091582084117,0.17395132459696436,-0.4668749093106012
ROS1-08-0003,2024-06-23,0.3581055196758373,0.21875824745793657,-0.42465055876806374
ROS1-01-0036,2024-07-09,0.7819868848973931,0.5505588006744294,-0.7384202801940665
ROS1-07-0002,2024-07-09,0.18760482399282327,0.12044199443695151,-0.33190204957945496
ROS1-01-0045,2024-07-09,0.25421595775792416,0.18385593774947298,-0.413986106329861
ROS1-02-0007,2024-07-09,0.23955744882226526,0.18884046647385702,-0.4122873524447918
ROS1-06-0000,2024-07-09,0.17889532725691729,0.08615085695733579,-0.2898056611036776
ROS1-07-0025,2024-07-09,0.23169807949669366,0.17804780934321848,-0.3997742675930974
ROS1-08-0003,2024-07-09,0.4699967724508859,0.30408221669125,-0.5075180046762312
ROS1-01-0036,2024-07-25,0.7340633510321015,0.5213987327637165,-0.7045339925719266
ROS1-07-0002,2024-07-25,0.19503720020146367,0.11865085259303193,-0.33436081235397846
ROS1-01-0045,2024-07-25,0.2523394947150695,0.1796325896725894,-0.3918284829419844
ROS1-02-0007,2024-07-25,0.20929723128586208,0.1609321821584678,-0.38096406655809073
ROS1-06-0000,2024-07-25,0.19729706321718332,0.08932786415060215,-0.29570131064926297
ROS1-07-0025,2024-07-25,0.2552186569593007,0.2061001379218216,-0.4102416418911622
ROS1-08-0003,2024-07-25,0.48964144791644804,0.36089295428229223,-0.5070948784236787
ROS1-01-0036,2024-08-10,0.7092702922768982,0.4743171041148305,-0.7045358036042494
ROS1-07-0002,2024-08-10,0.18431330984623306,0.11904884758798738,-0.30652340086381985
ROS1-01-0045,2024-08-10,0.19586963565114002,0.10927731003648274,-0.31332883066198497
ROS1-06-0000,2024-08-10,0.19058651641850236,0.08490053436292622,-0.28062978279963957
ROS1-08-0003,2024-08-10,0.6310563714266999,0.4291377044332054,-0.6032399827363171
ROS1-01-0036,2024-08-26,0.612694591841506,0.37428351155445894,-0.6192349609022535
ROS1-07-0002,2024-08-26,0.19566966688874263,0.10665731739357553,-0.30890794619296885
ROS1-01-0045,2024-08-26,0.18105015630425994,0.0986869883278847,-0.29837755818981926
ROS1-02-0007,2024-08-26,0.1859678642778716,0.06647056587993352,-0.2672914959415412
ROS1-06-0000,2024-08-26,0.1807970662853886,0.07879884569133433,-0.2737908395204983
ROS1-07-0025,2024-08-26,0.19293784265382857,0.07841726657916025,-0.2941611384642732
ROS1-08-0003,2024-08-26,0.44225032083273536,0.247925271754722,-0.4676315820879117
ROS1-01-0036,2024-09-11,0.6352070249119949,0.39500918174748284,-0.6382751974247239
ROS1-01-0045,2024-09-11,0.2071421724836024,0.11164584483165989,-0.31834805071139716
ROS1-02-0007,2024-09-11,0.2021079599035714,0.06989762475579762,-0.28536790622435626
ROS1-06-0000,2024-09-11,0.19907938012481863,0.08917759939030474,-0.296326395407675
ROS1-07-0025,2024-09-11,0.20416346378676634,0.0856583849449667,-0.2963676594263465
ROS1-08-0003,2024-09-11,0.33509218817448516,0.17555902316239883,-0.40000118494678794
ROS1-01-0036,2024-09-27,0.575112118035397,0.3414252765320759,-0.5950487143911077
ROS1-07-0002,2024-09-27,0.23070904234831896,0.13974356703009952,-0.3320306960091266
ROS1-01-0045,2024-09-27,0.2433589026924478,0.13323922243377637,-0.3414834114874921
ROS1-02-0007,2024-09-27,0.18627838814916428,0.07758559539497077,-0.28538564787457843
ROS1-06-0000,2024-09-27,0.18133436303274136,0.08607364780406271,-0.286033382295093
ROS1-07-0025,2024-09-27,0.18111714140793544,0.0669715847231237,-0.29070376256137986
ROS1-08-0003,2024-09-27,0.26145389488197046,0.13221986099271069,-0.3727276115348247
ROS1-06-0000,2024-04-04,0.24706792885946516,0.08658188317187668,-0.34100314935403625
ROS1-06-0000,2024-04-20,0.4104516991119077,0.19042663229686205,-0.4232535707362526
ROS1-06-0000,2024-05-06,0.5407722743660295,0.2798505673790867,-0.509009090030046
ROS1-06-0000,2024-05-22,0.6364580228859067,0.35355139951676307,-0.5668471825967065
ROS1-06-0000,2024-06-07,0.35827506931962855,0.2142369208863653,-0.4150390478442051
ROS1-06-0000,2024-07-09,0.17786726668926442,0.08566142998999604,-0.28913137740454986
ROS1-06-0000,2024-07-25,0.1981734702040961,0.08971304036866841,-0.2979429763967823
ROS1-06-0000,2024-08-10,0.19185409971616965,0.0851392131354999,-0.28257961390572744
ROS1-06-0000,2024-08-26,0.18256292226506904,0.07912994505721883,-0.27491842973675423
ROS1-06-0000,2024-09-11,0.20144789989182363,0.08975339741228365,-0.29862541100008516
ROS1-06-0000,2024-09-27,0.18179380539441853,0.08621463863310565,-0.2863512983174537
ROS1-01-0045,2024-04-11,0.7151799019430006,0.39198289181834434,-0.6583721742261059
ROS1-02-0007,2024-04-11,0.8070770262253336,0.49739317901195274,-0.746019982770343
ROS1-01-0045,2024-04-27,0.7171495112629708,0.39991688939761955,-0.6677564108527282
ROS1-02-0007,2024-04-27,0.813902901154318,0.5402796849682971,-0.7656466906820222
ROS1-01-0045,2024-05-13,0.8035359172111216,0.5110286294672451,-0.7376436034038402
ROS1-02-0007,2024-05-13,0.9048527214949027,0.6583805762421129,-0.8378859002503338
ROS1-01-0045,2024-06-14,0.41384874685554274,0.20477803923143903,-0.5681012870414459
ROS1-02-0007,2024-06-14,0.5173308249211953,0.2699421007196566,-0.6267875580014369
ROS1-01-0045,2024-06-30,0.3160494416450187,0.15063829074215787,-0.4610476443701841
ROS1-02-0007,2024-06-30,0.2445866410683114,0.20079050718299304,-0.40938372198211526
ROS1-01-0045,2024-07-16,0.2451095560727635,0.1746325609679701,-0.4085909414320869
ROS1-02-0007,2024-07-16,0.2323253778575096,0.1795230596246833,-0.4072926986210411
ROS1-01-0045,2024-08-01,0.34274401258959153,0.18633070579172867,-0.4595136844431146
ROS1-02-0007,2024-08-01,0.18190612932353603,0.029165430181059743,-0.21327202716949648
ROS1-01-0045,2024-08-17,0.18266374123662163,0.09487593782750207,-0.3075442845262525
ROS1-02-0007,2024-08-17,0.1966027981245372,0.0633280829221078,-0.2924857516597378
ROS1-01-0045,2024-09-02,0.18355160817012178,0.10689828219469352,-0.29820087341635376
ROS1-01-0045,2024-09-18,0.21706034437234678,0.10508921969014547,-0.3124052061740166
ROS1-02-0007,2024-09-18,0.18463046997844262,0.07409171468256662,-0.2691278150778828
ROS1-01-0045,2024-10-04,0.257580174555492,0.14222822834291485,-0.3545134640431858
ROS1-02-0007,2024-10-04,0.17158570173362814,0.0664559143734556,-0.2763838018676841
ROS1-49-0013,2024-04-16,0.19507855317617792,0.12159422204377573,-0.3326670501151468
ROS1-49-0013,2024-05-02,0.1995311135533932,0.10848809904517479,-0.3447980056823693
ROS1-49-0013,2024-06-03,0.18264067676096754,0.10097378036478251,-0.3302530087811942
ROS1-49-0013,2024-06-19,0.17758458253007708,0.10516986790415826,-0.3340705835715476
ROS1-49-0013,2024-07-05,0.16768355930653023,0.10181834720776148,-0.3202369182557506
ROS1-49-0013,2024-07-21,0.16300225360755632,0.10024065037219282,-0.31797249783451836
ROS1-49-0013,2024-08-06,0.16280827439179466,0.10456406553626349,-0.31256684087279685
ROS1-49-0013,2024-09-07,0.17060703237099012,0.09640181965498297,-0.3238547955546984
ROS1-49-0013,2024-10-09,0.16576948207558342,0.09640690279629861,-0.3014926420802371
ROS1-49-0013,2024-10-25,0.1815699422162203,0.09006682325292238,-0.3294853393423641
ROS1-49-0013,2024-04-16,0.19598633789479836,0.12211793812364269,-0.334155423014683
ROS1-42-0015,2024-05-02,0.20883781734166795,0.10693473234346715,-0.3570798240757892
ROS1-49-0013,2024-05-02,0.2013707297385304,0.10990786341487208,-0.3461633511658874
ROS1-42-0015,2024-05-18,0.2072469236314699,0.11304014422190507,-0.34644953936705747
ROS1-42-0015,2024-06-03,0.19610025129183914,0.1205388406202538,-0.34384103599354704
ROS1-49-0013,2024-06-03,0.18326392075957945,0.10122495813545461,-0.3308468838542565
ROS1-42-0015,2024-06-19,0.18144501727740436,0.11511714070810243,-0.33472404734528344
ROS1-49-0013,2024-06-19,0.17854166099619534,0.10596766116388333,-0.3348338069682389
ROS1-42-0015,2024-07-05,0.17762210366124984,0.10317945204098623,-0.3255177909291332
ROS1-49-0013,2024-07-05,0.1697031499692297,0.10286636894441782,-0.32328484495182225
ROS1-42-0015,2024-07-21,0.17660791335303122,0.10021234917759925,-0.32206522696728146
ROS1-49-0013,2024-07-21,0.16192159283948454,0.0994735554373955,-0.31753082530639926
ROS1-49-0013,2024-08-06,0.16398465175518712,0.1053948264097274,-0.3147815953943535
ROS1-42-0015,2024-08-22,0.1763281647238867,0.09941852162862894,-0.3240616463838161
ROS1-42-0015,2024-09-07,0.171764180363408,0.09395828252935774,-0.3198894853401378
ROS1-49-0013,2024-09-07,0.1690269613271088,0.09588902731950345,-0.3217875737079436
ROS1-49-0013,2024-10-09,0.16916884073424365,0.09782352755540162,-0.306688093769518
ROS1-42-0015,2024-10-25,0.16743191483660497,0.1235479467892649,-0.281909514530923
ROS1-49-0013,2024-10-25,0.18529384451877073,0.09216177201296541,-0.3345819022118062
ROS1-43-0027,2024-04-07,0.19157811832947666,0.10242512881056966,-0.3324675009171055
ROS1-49-0013,2024-04-07,0.18408598576887183,0.10276310126964162,-0.33775132516094253
ROS1-43-0027,2024-04-23,0.2229485883815956,0.11925649351781854,-0.362014600209673
ROS1-49-0013,2024-04-23,0.18291795273357517,0.10598073409076662,-0.3404972040521698
ROS1-43-0027,2024-05-09,0.21086956633245815,0.10476200599866242,-0.3537812024500949
ROS1-49-0013,2024-05-09,0.1914520271973784,0.09749228361517324,-0.35460970175476986
ROS1-43-0027,2024-05-25,0.22219154910986397,0.11660102935710605,-0.3600711580967063
ROS1-49-0013,2024-05-25,0.19638907085834637,0.09922380718670679,-0.3579686957796867
ROS1-43-0027,2024-06-10,0.21624320270088754,0.13007588745415716,-0.35038896861544105
ROS1-43-0027,2024-06-26,0.2096866224987436,0.11709821176435223,-0.37895722046729646
ROS1-43-0027,2024-07-12,0.17991768664774577,0.10152301780998554,-0.33324175242238835
ROS1-49-0013,2024-07-12,0.1711624401519187,0.09542213263667693,-0.3338544272019831
ROS1-43-0027,2024-08-13,0.1737622603652538,0.09708844806074518,-0.3219431446702197
ROS1-49-0013,2024-08-13,0.17385962369021768,0.11326715355130934,-0.3419273592687857
ROS1-43-0027,2024-08-29,0.1774761538103678,0.1018877652789788,-0.3163514970269398
ROS1-43-0027,2024-09-14,0.1891678462218039,0.09875240921272695,-0.32628730671713796
ROS1-49-0013,2024-09-14,0.16859078274742043,0.0902448242441249,-0.3151566744094889
ROS1-43-0027,2024-09-30,0.16196263896257077,0.08886201261856556,-0.3028843844224473
ROS1-49-0013,2024-09-30,0.14953297239556385,0.0836781721949297,-0.28738725860749226
ROS1-42-0015,2024-04-07,0.20297597431079215,0.09735261883007477,-0.34910635436552623
ROS1-42-0015,2024-04-23,0.21089261351912147,0.09885933149244443,-0.3650145549426442
ROS1-42-0015,2024-05-09,0.19787739931816697,0.09863922745648783,-0.35479783389991915
ROS1-42-0015,2024-05-25,0.1974822489013489,0.10365116826936815,-0.34627162483852664
ROS1-42-0015,2024-06-26,0.19027845304334728,0.10456382181548278,-0.34833000180017837
ROS1-42-0015,2024-07-12,0.18576192224521929,0.10264351148035475,-0.33490698243412803
ROS1-42-0015,2024-07-28,0.16868290751870235,0.08292411995902957,-0.3074642145621127
ROS1-42-0015,2024-08-13,0.1749547369902207,0.09654715053714008,-0.3297792329871318
ROS1-42-0015,2024-08-29,0.17392693673876966,0.09394976873204018,-0.3141672831851533
ROS1-42-0015,2024-09-14,0.16759017170817447,0.08841831493029198,-0.30739219765384296
ROS1-42-0015,2024-09-30,0.15511428158879187,0.08449614522482847,-0.2852287695496619
ROS1-07-0002,2024-04-05,0.5850117474959972,0.39658347904560864,-0.5649926435462929
ROS1-08-0003,2024-04-05,0.23603377847984305,0.11355457783573082,-0.3376952019993792
ROS1-07-0002,2024-05-07,0.8632557644880601,0.6653150811091181,-0.8016136375833752
ROS1-07-0025,2024-05-07,0.8015022830179518,0.5661036963276463,-0.7519623393737896
ROS1-07-0002,2024-05-23,0.8277327026082537,0.6601690850122979,-0.7639814040295445
ROS1-07-0025,2024-05-23,0.7395581290001232,0.5283439399913377,-0.7172707821201768
ROS1-07-0002,2024-06-08,0.6278381015012741,0.28099041834971955,-0.6914230204133335
ROS1-07-0025,2024-06-08,0.4354104458093099,0.30967614492781226,-0.57574741994953
ROS1-07-0002,2024-06-24,0.34073379187713565,0.20197606543516852,-0.5110676081829791
ROS1-07-0025,2024-06-24,0.27879653467989146,0.16753924114097565,-0.4492040015973678
ROS1-07-0002,2024-07-26,0.19572360688656035,0.12864832862511685,-0.3234207695523792
ROS1-07-0025,2024-07-26,0.24587520176752306,0.1901687029313141,-0.40773782336203057
ROS1-07-0002,2024-08-11,0.184296023245343,0.11899232524717197,-0.30563097980123377
ROS1-07-0025,2024-08-11,0.19616024876505075,0.08230494895150323,-0.3029241758998026
ROS1-07-0002,2024-09-28,0.207093499550854,0.10398457589452537,-0.3175179723080378
ROS1-07-0025,2024-09-28,0.17835878969851618,0.06906158137960494,-0.285597581321107
ROS1-07-0002,2024-10-30,0.19440727685172704,0.08625813348891809,-0.29812107812924793
ROS1-07-0025,2024-10-30,0.19335182514551907,0.05568839747945167,-0.28755886786940116
ROS1-06-0000,2024-04-05,0.24795551177581043,0.11977372462877346,-0.3144812947885931
ROS1-06-0000,2024-05-07,0.5400174166768034,0.2941639169931608,-0.5016059596061666
ROS1-06-0000,2024-05-23,0.6293613503227822,0.37249796778030003,-0.5542177391985833
ROS1-06-0000,2024-06-08,0.3314755703208981,0.21641625526045816,-0.4080649325489224
ROS1-06-0000,2024-06-24,0.23624246882753372,0.14225933714760167,-0.3913896847176009
ROS1-06-0000,2024-08-11,0.1939730400771834,0.08877636005079362,-0.27951116659265746
ROS1-06-0000,2024-09-12,0.19481783353772097,0.09560459727009216,-0.28415716923721246
ROS1-06-0000,2024-09-28,0.18065299512156627,0.08899152469366618,-0.2803121752625539
ROS1-06-0000,2024-10-30,0.22553589082584163,0.06843455051756152,-0.31304269018142056
ROS1-01-0036,2024-04-12,0.4173660449319329,0.20032494157117173,-0.4389769397393453
ROS1-07-0002,2024-04-12,0.7387777729070579,0.3701196182121435,-0.6942444564986242
ROS1-01-0045,2024-04-12,0.7208506565169447,0.4126519679218357,-0.6554571882833758
ROS1-02-0007,2024-04-12,0.7780955510744925,0.48148416153815055,-0.7181975259329063
ROS1-06-0000,2024-04-12,0.33153288932130087,0.14901219953538625,-0.3664197412269197
ROS1-07-0025,2024-04-12,0.6978894705825494,0.45453949598924454,-0.6582315528043585
ROS1-08-0003,2024-04-12,0.26920858749449406,0.13314655515296797,-0.3507474195742575
ROS1-07-0002,2024-04-28,0.7494155233347379,0.5598519406343061,-0.7111910040507753
ROS1-01-0045,2024-04-28,0.6470146305230768,0.43292493885056826,-0.6022939511556552
ROS1-02-0007,2024-04-28,0.7446466806753955,0.5078448106178785,-0.7045519127099984
ROS1-06-0000,2024-04-28,0.48072388557069823,0.27209192541583427,-0.46444550505729065
ROS1-08-0003,2024-05-14,0.23335820786625275,0.11356641516546845,-0.33101591191686913
ROS1-07-0002,2024-05-30,0.7785673917322109,0.5701824530521061,-0.7373568093618592
ROS1-06-0000,2024-05-30,0.5783405168309984,0.3137332121199929,-0.5166913372219281
ROS1-07-0025,2024-05-30,0.6317702971123974,0.4343521783213591,-0.6485702154891395
ROS1-08-0003,2024-05-30,0.2604699589665248,0.12976782428834535,-0.3543584879084154
ROS1-01-0036,2024-07-01,0.816910353431575,0.6107673378231935,-0.7638497271208525
ROS1-07-0002,2024-07-01,0.32616075022259916,0.18567590791765964,-0.5113109053255736
ROS1-01-0045,2024-07-01,0.2924233237411434,0.13918105931669705,-0.4391552428731628
ROS1-02-0007,2024-07-01,0.2324680413059143,0.18829934031504758,-0.40044764915845726
ROS1-06-0000,2024-07-01,0.1913757832997908,0.09120282040044779,-0.3042994693832079
ROS1-07-0025,2024-07-01,0.23062193831352312,0.17927281169017162,-0.3996852119668972
ROS1-08-0003,2024-07-01,0.4237730112615821,0.2725553477437021,-0.47296925472446466
ROS1-01-0036,2024-07-17,0.778979012798599,0.5528929520608722,-0.7301974901141086
ROS1-07-0002,2024-07-17,0.19186072825395473,0.1212771859791071,-0.33189616114570586
ROS1-01-0045,2024-07-17,0.237116520193778,0.17321293719459047,-0.39753650714708255
ROS1-02-0007,2024-07-17,0.2272037437167036,0.1790606821929341,-0.40319335121175287
ROS1-06-0000,2024-07-17,0.1783232367580165,0.08550952294006382,-0.2863147537483739
ROS1-07-0025,2024-07-17,0.23945235221793984,0.1809556976149579,-0.40694888608197105
ROS1-08-0003,2024-07-17,0.5071905522676518,0.32575810247727127,-0.531465883148543
ROS1-07-0025,2024-08-02,0.22853482339851475,0.10433760384472436,-0.31436457849574523
ROS1-01-0036,2024-08-18,0.6714548019871509,0.4217724086218401,-0.6691321827668976
ROS1-07-0002,2024-08-18,0.1944241158896681,0.10123862513155316,-0.3168552975666364
ROS1-01-0045,2024-08-18,0.17714818800118118,0.09439667862859798,-0.29939602045464786
ROS1-02-0007,2024-08-18,0.18085067578564196,0.06520110974621711,-0.2682066063985375
ROS1-06-0000,2024-08-18,0.1831619926895679,0.07673558014415963,-0.2908880732176089
ROS1-07-0025,2024-08-18,0.18268941390154433,0.0724058171231998,-0.29204830766545486
ROS1-08-0003,2024-08-18,0.5776839155960429,0.33988002553606933,-0.5609242981935315
ROS1-02-0007,2024-09-03,0.20686132161269938,0.07554659392331772,-0.2759307585741132
ROS1-06-0000,2024-09-03,0.19161649444684523,0.08551245270592496,-0.27851897357109895
ROS1-01-0036,2024-09-19,0.6224839916274211,0.37653908009710607,-0.6299350416773145
ROS1-07-0002,2024-09-19,0.2158361428256015,0.13154466764657005,-0.32164578253817305
ROS1-01-0045,2024-09-19,0.2213875251845689,0.12064682572999536,-0.32778239909584184
ROS1-02-0007,2024-09-19,0.18802754007022282,0.07165254398815932,-0.28752834524870463
ROS1-06-0000,2024-09-19,0.19130380297911484,0.0883880689542517,-0.3010796521773157
ROS1-07-0025,2024-09-19,0.18080615631652414,0.06678289795287705,-0.2880689927746939
ROS1-08-0003,2024-09-19,0.3029188119309333,0.15724851865788983,-0.40592721534130377
ROS1-01-0036,2024-10-05,0.5705889351023324,0.3304102129926925,-0.6028784211734215
ROS1-07-0002,2024-10-05,0.18687540041921794,0.09254428126366572,-0.29795643706395813
ROS1-01-0045,2024-10-05,0.2675386076620951,0.14835639798788516,-0.3629868537359334
ROS1-02-0007,2024-10-05,0.17344901059591156,0.06794529420659386,-0.28135535616773427
ROS1-06-0000,2024-10-05,0.19047321389667965,0.0781134393715354,-0.29964328380984906
ROS1-07-0025,2024-10-05,0.16984705719857124,0.06498985938305052,-0.2767404173528362
ROS1-08-0003,2024-10-05,0.24851015976607843,0.12475763931523239,-0.3712214419380754
ROS1-06-0000,2024-04-28,0.4807920069551591,0.271934042844511,-0.46479119092742216
ROS1-06-0000,2024-05-30,0.5741734006204716,0.32029050089482203,-0.5232225611597776
ROS1-06-0000,2024-07-01,0.1909046091413956,0.09088945905246601,-0.3044285976657627
ROS1-06-0000,2024-07-17,0.1785802941566142,0.08558840504860077,-0.2869439888953705
ROS1-06-0000,2024-08-18,0.18391378001867056,0.07684509304772177,-0.29226019410953946
ROS1-06-0000,2024-09-03,0.19216566844827013,0.08564207064147293,-0.27895278157339837
ROS1-06-0000,2024-09-19,0.1900865015535892,0.08797423056186775,-0.2993009235934381
ROS1-06-0000,2024-10-05,0.18948986916780358,0.07806797712315446,-0.2970387699081438
ROS1-01-0045,2024-04-19,0.8371295821214726,0.577066831768522,-0.7487779282611454
ROS1-02-0007,2024-04-19,0.8626735206753713,0.6075185224753068,-0.7859897220023992
ROS1-01-0045,2024-05-05,0.8293075086921576,0.5217234093000445,-0.7638532949629426
ROS1-02-0007,2024-05-05,0.907281136442016,0.6289684710432704,-0.8502020761195374
ROS1-01-0045,2024-05-21,0.7826656933614813,0.4997119254037034,-0.7219918836504622
ROS1-02-0007,2024-05-21,0.9025035901919183,0.6252744008275389,-0.8398150316189338
ROS1-01-0045,2024-06-22,0.49964673117166547,0.09473216230348216,-0.556500715116556
ROS1-01-0045,2024-07-08,0.2586810330961193,0.18894240911783436,-0.4115476087697738
ROS1-02-0007,2024-07-08,0.23980559178315805,0.1897989068723083,-0.4040758339296655
ROS1-01-0045,2024-07-24,0.2287766731099205,0.23089328491502395,-0.3160036503456336
ROS1-01-0045,2024-08-09,0.18721033063956588,0.09360917431411604,-0.3100490621640701
ROS1-02-0007,2024-08-09,0.21519960631791482,0.06541694146010779,-0.3218190302910263
ROS1-01-0045,2024-08-25,0.17675575941105034,0.09394664391932726,-0.30315969294042316
ROS1-02-0007,2024-08-25,0.19963410455102845,0.06131410329747241,-0.29970414305719567
ROS1-02-0007,2024-09-10,0.21934368327043102,0.08535201825084011,-0.2984692547705242
ROS1-01-0045,2024-09-26,0.23605329635400812,0.12645756232131086,-0.3379704627084867
ROS1-02-0007,2024-09-26,0.1811366396425234,0.06584916126492026,-0.28762354554578323
ROS1-01-0045,2024-10-12,0.1928170711992928,0.07815839284636378,-0.30523729991983267
ROS1-02-0007,2024-10-12,0.1741583822523835,0.0612594748915634,-0.2809877673300474
